time_s,mean_speed_mps,mean_radius_m,minimum_spacing_m,people_within_3m,arrived_fraction,case
0.000000,0.453137,10.068854,0.804999,0,0.000000,observed
0.040000,0.504758,10.058056,0.799056,0,0.000000,observed
0.080000,0.534122,10.038672,0.804240,0,0.000000,observed
0.120000,0.579273,10.023136,0.799084,0,0.000000,observed
0.160000,0.612431,10.002301,0.762729,0,0.000000,observed
0.200000,0.642122,9.982961,0.745472,0,0.000000,observed
0.240000,0.731610,9.953975,0.739915,0,0.000000,observed
0.280000,0.773785,9.926850,0.718025,0,0.000000,observed
0.320000,0.882062,9.891934,0.705180,0,0.000000,observed
0.360000,0.931204,9.858399,0.665448,0,0.000000,observed
0.400000,1.024134,9.823428,0.674428,0,0.000000,observed
0.440000,1.092858,9.778815,0.622301,0,0.000000,observed
0.480000,1.156033,9.745181,0.623977,0,0.000000,observed
0.520000,1.215540,9.689248,0.604052,0,0.000000,observed
0.560000,1.261804,9.651774,0.604098,0,0.000000,observed
0.600000,1.329309,9.598727,0.585363,0,0.000000,observed
0.640000,1.368238,9.545316,0.517292,0,0.000000,observed
0.680000,1.435163,9.498560,0.412907,0,0.000000,observed
0.720000,1.448187,9.444434,0.372427,0,0.000000,observed
0.760000,1.513632,9.395666,0.403201,0,0.000000,observed
0.800000,1.544806,9.336184,0.396196,0,0.000000,observed
0.840000,1.554799,9.279585,0.370381,0,0.000000,observed
0.880000,1.603780,9.219619,0.400868,0,0.000000,observed
0.920000,1.638643,9.162155,0.396494,0,0.000000,observed
0.960000,1.697771,9.098654,0.343456,0,0.000000,observed
1.000000,1.709055,9.036884,0.347608,0,0.000000,observed
1.040000,1.728236,8.977822,0.317731,0,0.000000,observed
1.080000,1.775423,8.911592,0.382334,0,0.000000,observed
1.120000,1.807725,8.846490,0.401834,0,0.000000,observed
1.160000,1.844211,8.774361,0.398856,0,0.000000,observed
1.200000,1.856530,8.713420,0.400283,0,0.000000,observed
1.240000,1.890388,8.652133,0.406303,0,0.000000,observed
1.280000,1.907875,8.576625,0.443373,0,0.000000,observed
1.320000,1.948460,8.512186,0.465750,0,0.000000,observed
1.360000,1.954064,8.436966,0.478204,0,0.000000,observed
1.400000,2.004313,8.372383,0.455190,0,0.000000,observed
1.440000,2.056390,8.300436,0.464783,0,0.000000,observed
1.480000,2.038479,8.228599,0.429278,0,0.000000,observed
1.520000,2.064453,8.144683,0.423354,0,0.000000,observed
1.560000,2.086922,8.074170,0.428701,0,0.000000,observed
1.600000,2.132309,7.994673,0.462726,0,0.000000,observed
1.640000,2.164619,7.912798,0.466895,0,0.000000,observed
1.680000,2.177766,7.843086,0.481904,0,0.000000,observed
1.720000,2.175169,7.765717,0.493338,0,0.000000,observed
1.760000,2.202589,7.683695,0.498026,0,0.000000,observed
1.800000,2.193626,7.602420,0.551295,0,0.000000,observed
1.840000,2.196346,7.521490,0.540543,0,0.000000,observed
1.880000,2.232918,7.448965,0.542485,0,0.000000,observed
1.920000,2.250834,7.368008,0.528902,0,0.000000,observed
1.960000,2.247228,7.291315,0.520994,0,0.000000,observed
2.000000,2.247442,7.215256,0.522809,0,0.000000,observed
2.040000,2.241518,7.136090,0.546492,0,0.000000,observed
2.080000,2.265062,7.053335,0.563273,0,0.000000,observed
2.120000,2.275120,6.971225,0.569405,0,0.000000,observed
2.160000,2.278754,6.893153,0.579616,0,0.000000,observed
2.200000,2.305582,6.812932,0.579481,0,0.000000,observed
2.240000,2.304270,6.737853,0.561423,0,0.000000,observed
2.280000,2.306697,6.655706,0.569452,0,0.000000,observed
2.320000,2.296816,6.575048,0.546606,0,0.000000,observed
2.360000,2.303951,6.493590,0.528805,0,0.000000,observed
2.400000,2.297297,6.412563,0.493651,0,0.000000,observed
2.440000,2.320457,6.335835,0.484844,1,0.000000,observed
2.480000,2.311893,6.258409,0.464735,1,0.000000,observed
2.520000,2.302298,6.185354,0.434375,2,0.000000,observed
2.560000,2.303795,6.105860,0.419386,4,0.000000,observed
2.600000,2.305522,6.034118,0.435499,4,0.000000,observed
2.640000,2.290882,5.950911,0.444106,4,0.000000,observed
2.680000,2.277954,5.876267,0.442543,5,0.000000,observed
2.720000,2.281629,5.802121,0.428913,5,0.000000,observed
2.760000,2.261260,5.723925,0.408229,7,0.000000,observed
2.800000,2.289212,5.646060,0.439281,7,0.000000,observed
2.840000,2.274540,5.578570,0.436591,7,0.000000,observed
2.880000,2.276125,5.508958,0.463956,8,0.000000,observed
2.920000,2.274587,5.432470,0.459968,8,0.000000,observed
2.960000,2.255121,5.365673,0.452978,8,0.000000,observed
3.000000,2.229016,5.295037,0.464997,10,0.000000,observed
3.040000,2.247562,5.225250,0.462458,10,0.000000,observed
3.080000,2.237489,5.159965,0.488251,10,0.000000,observed
3.120000,2.241387,5.092951,0.489502,10,0.000000,observed
3.160000,2.234216,5.035215,0.491246,11,0.000000,observed
3.200000,2.222399,4.973552,0.449991,13,0.000000,observed
3.240000,2.199148,4.908109,0.452155,13,0.000000,observed
3.280000,2.179851,4.849014,0.436738,13,0.000000,observed
3.320000,2.173532,4.788204,0.443972,13,0.000000,observed
3.360000,2.156155,4.735535,0.432479,14,0.000000,observed
3.400000,2.154039,4.674671,0.415106,14,0.000000,observed
3.440000,2.133567,4.624097,0.438750,14,0.000000,observed
3.480000,2.122647,4.573925,0.432191,14,0.000000,observed
3.520000,2.108380,4.524731,0.429986,16,0.000000,observed
3.560000,2.114272,4.476211,0.452255,18,0.000000,observed
3.600000,2.079184,4.431014,0.448218,19,0.000000,observed
3.640000,2.066957,4.383817,0.426873,20,0.000000,observed
3.680000,2.052032,4.342738,0.434241,20,0.000000,observed
3.720000,2.045220,4.299362,0.437861,20,0.000000,observed
3.760000,2.045476,4.260556,0.413001,20,0.000000,observed
3.800000,2.024575,4.222176,0.457332,20,0.000000,observed
3.840000,2.003889,4.187644,0.481630,21,0.000000,observed
3.880000,2.007980,4.151765,0.466758,21,0.000000,observed
3.920000,1.987171,4.116474,0.479667,21,0.000000,observed
3.960000,1.965088,4.084242,0.471108,20,0.000000,observed
4.000000,1.938256,4.053059,0.479303,21,0.000000,observed
4.040000,1.936681,4.023819,0.498557,21,0.000000,observed
4.080000,1.929787,3.990595,0.490675,21,0.000000,observed
4.120000,1.898444,3.962626,0.490446,21,0.000000,observed
4.160000,1.886320,3.935424,0.471382,21,0.000000,observed
4.200000,1.883790,3.906597,0.434387,21,0.000000,observed
4.240000,1.866272,3.879428,0.394574,21,0.000000,observed
4.280000,1.838644,3.854527,0.349409,21,0.000000,observed
4.320000,1.822816,3.830710,0.345306,22,0.000000,observed
4.360000,1.803234,3.807515,0.330486,22,0.000000,observed
4.400000,1.804148,3.782611,0.287971,21,0.000000,observed
4.440000,1.785594,3.762035,0.299220,21,0.000000,observed
4.480000,1.775371,3.739501,0.285831,21,0.000000,observed
4.520000,1.768023,3.721510,0.284568,21,0.000000,observed
4.560000,1.756971,3.698331,0.278155,20,0.000000,observed
4.600000,1.747122,3.683895,0.322929,20,0.000000,observed
4.640000,1.750170,3.668759,0.335739,20,0.000000,observed
4.680000,1.748539,3.657206,0.284732,22,0.000000,observed
4.720000,1.758885,3.645511,0.255907,23,0.000000,observed
4.760000,1.764677,3.628977,0.311616,23,0.000000,observed
4.800000,1.759864,3.621826,0.331473,23,0.000000,observed
4.840000,1.755963,3.608730,0.346820,23,0.000000,observed
4.880000,1.761693,3.593199,0.336880,22,0.000000,observed
4.920000,1.770293,3.581914,0.370356,22,0.000000,observed
4.960000,1.777741,3.570612,0.345729,22,0.000000,observed
5.000000,1.764457,3.568864,0.401263,21,0.000000,observed
5.040000,1.774475,3.562048,0.381732,22,0.000000,observed
5.080000,1.773064,3.554772,0.360816,24,0.000000,observed
5.120000,1.763160,3.552730,0.365943,25,0.000000,observed
5.160000,1.770235,3.545113,0.378882,26,0.000000,observed
5.200000,1.774040,3.545365,0.397873,28,0.000000,observed
5.240000,1.786899,3.541307,0.395760,28,0.000000,observed
5.280000,1.784496,3.541536,0.432781,28,0.000000,observed
5.320000,1.788474,3.537720,0.439068,28,0.000000,observed
5.360000,1.783461,3.539370,0.428221,29,0.000000,observed
5.400000,1.803891,3.542996,0.414289,30,0.000000,observed
5.440000,1.798610,3.541914,0.367715,30,0.000000,observed
5.480000,1.802143,3.548933,0.320628,30,0.000000,observed
5.520000,1.807905,3.546460,0.262447,30,0.000000,observed
5.560000,1.811068,3.552716,0.253805,30,0.000000,observed
5.600000,1.824623,3.559011,0.280136,31,0.000000,observed
5.640000,1.812302,3.561651,0.316670,31,0.000000,observed
5.680000,1.817640,3.569401,0.313952,31,0.000000,observed
5.720000,1.822477,3.573584,0.301461,30,0.000000,observed
5.760000,1.824001,3.583615,0.350500,31,0.000000,observed
5.800000,1.809051,3.589391,0.406710,30,0.000000,observed
5.840000,1.807258,3.595503,0.396997,30,0.000000,observed
5.880000,1.805231,3.601834,0.395518,29,0.000000,observed
5.920000,1.808436,3.611102,0.395089,29,0.000000,observed
5.960000,1.803587,3.615559,0.355619,29,0.000000,observed
6.000000,1.794051,3.625935,0.376910,28,0.000000,observed
6.040000,1.798604,3.633924,0.359985,28,0.000000,observed
6.080000,1.793759,3.639549,0.379954,27,0.000000,observed
6.120000,1.771123,3.652113,0.358378,27,0.000000,observed
6.160000,1.765123,3.661838,0.390395,27,0.000000,observed
6.200000,1.764386,3.673923,0.385599,27,0.000000,observed
6.240000,1.761226,3.690687,0.374929,27,0.000000,observed
6.280000,1.750149,3.704538,0.378802,27,0.000000,observed
6.320000,1.756538,3.717547,0.375127,28,0.000000,observed
6.360000,1.750988,3.730203,0.358419,29,0.000000,observed
6.400000,1.748902,3.746899,0.349263,28,0.000000,observed
6.440000,1.743765,3.755112,0.331862,28,0.000000,observed
6.480000,1.729022,3.770957,0.330478,27,0.000000,observed
6.520000,1.738749,3.779483,0.339220,27,0.000000,observed
6.560000,1.729769,3.797956,0.341738,26,0.000000,observed
6.600000,1.736263,3.813094,0.366663,27,0.000000,observed
6.640000,1.725824,3.828301,0.381395,27,0.000000,observed
6.680000,1.727256,3.845474,0.360641,27,0.000000,observed
6.720000,1.709011,3.860879,0.374281,27,0.000000,observed
6.760000,1.700751,3.876278,0.397723,29,0.000000,observed
6.800000,1.700679,3.894655,0.407610,29,0.000000,observed
6.840000,1.698230,3.916482,0.386002,29,0.000000,observed
6.880000,1.707317,3.934325,0.381156,28,0.000000,observed
6.920000,1.701214,3.952871,0.374560,28,0.000000,observed
6.960000,1.698858,3.972664,0.356115,28,0.000000,observed
7.000000,1.681237,3.997352,0.357821,28,0.000000,observed
7.040000,1.689902,4.022004,0.344637,28,0.015625,observed
7.080000,1.692227,4.040794,0.343436,27,0.031250,observed
7.120000,1.679536,4.067454,0.317918,27,0.031250,observed
7.160000,1.681283,4.088169,0.368282,26,0.031250,observed
7.200000,1.670445,4.111520,0.344030,26,0.031250,observed
7.240000,1.686565,4.135058,0.371202,26,0.031250,observed
7.280000,1.674491,4.161377,0.411299,26,0.031250,observed
7.320000,1.674331,4.184570,0.428356,26,0.031250,observed
7.360000,1.677002,4.210386,0.415083,26,0.046875,observed
7.400000,1.695024,4.237819,0.423526,26,0.046875,observed
7.440000,1.677171,4.263944,0.385521,26,0.046875,observed
7.480000,1.676722,4.289775,0.367521,26,0.046875,observed
7.520000,1.682998,4.319547,0.355052,26,0.046875,observed
7.560000,1.691586,4.349199,0.330966,26,0.046875,observed
7.600000,1.688755,4.375971,0.319795,26,0.046875,observed
7.640000,1.672571,4.405142,0.318314,26,0.046875,observed
7.680000,1.682732,4.435451,0.334692,26,0.046875,observed
7.720000,1.676988,4.465801,0.360968,26,0.046875,observed
7.760000,1.667444,4.496093,0.355708,26,0.062500,observed
7.800000,1.647447,4.525367,0.346727,26,0.062500,observed
7.840000,1.641688,4.558631,0.335769,26,0.062500,observed
7.880000,1.645321,4.589124,0.326579,26,0.062500,observed
7.920000,1.630796,4.619703,0.336901,26,0.062500,observed
7.960000,1.609728,4.653654,0.341264,26,0.062500,observed
8.000000,1.603118,4.685968,0.336261,26,0.093750,observed
8.040000,1.598661,4.720492,0.370376,24,0.093750,observed
8.080000,1.584351,4.753014,0.340729,24,0.093750,observed
8.120000,1.578567,4.785960,0.339722,24,0.093750,observed
8.160000,1.572945,4.818376,0.333759,23,0.093750,observed
8.200000,1.576320,4.850132,0.330406,22,0.093750,observed
8.240000,1.575677,4.884410,0.337668,22,0.093750,observed
8.280000,1.558236,4.918640,0.323335,22,0.093750,observed
8.320000,1.558399,4.954524,0.340881,22,0.093750,observed
8.360000,1.550237,4.984168,0.304109,22,0.093750,observed
8.400000,1.545790,5.021877,0.325734,22,0.093750,observed
8.440000,1.530770,5.053756,0.318296,22,0.125000,observed
8.480000,1.522873,5.088898,0.304873,22,0.125000,observed
8.520000,1.508790,5.123402,0.308864,22,0.125000,observed
8.560000,1.508742,5.157272,0.328542,22,0.125000,observed
8.600000,1.504901,5.192600,0.341746,21,0.125000,observed
8.640000,1.495130,5.228003,0.349985,21,0.125000,observed
8.680000,1.481334,5.263135,0.385576,21,0.156250,observed
8.720000,1.473550,5.298012,0.384030,20,0.156250,observed
8.760000,1.476634,5.335826,0.382622,19,0.156250,observed
8.800000,1.467898,5.371752,0.394365,19,0.156250,observed
8.840000,1.457969,5.409662,0.353314,18,0.156250,observed
8.880000,1.470958,5.444955,0.337553,18,0.156250,observed
8.920000,1.469800,5.481224,0.331582,18,0.156250,observed
8.960000,1.469836,5.518924,0.338893,18,0.156250,observed
9.000000,1.442937,5.553319,0.344834,18,0.156250,observed
9.040000,1.435594,5.588746,0.313107,18,0.156250,observed
9.080000,1.436282,5.629862,0.289758,18,0.156250,observed
9.120000,1.421516,5.666892,0.267950,17,0.156250,observed
9.160000,1.409147,5.704394,0.253783,16,0.156250,observed
9.200000,1.414528,5.734645,0.263496,16,0.156250,observed
9.240000,1.414008,5.769930,0.250332,16,0.156250,observed
9.280000,1.393436,5.803905,0.156027,16,0.156250,observed
9.320000,1.398962,5.839204,0.274177,16,0.171875,observed
9.360000,1.375614,5.873686,0.243740,16,0.187500,observed
9.400000,1.368827,5.912225,0.294087,15,0.187500,observed
9.440000,1.354102,5.946148,0.318944,15,0.203125,observed
9.480000,1.361798,5.975657,0.373709,15,0.203125,observed
9.520000,1.356836,6.015076,0.401974,15,0.218750,observed
9.560000,1.356556,6.044515,0.389354,15,0.234375,observed
9.600000,1.332028,6.080007,0.392952,15,0.234375,observed
9.640000,1.327129,6.111298,0.308141,14,0.250000,observed
9.680000,1.324561,6.149757,0.458292,14,0.250000,observed
9.720000,1.325231,6.182807,0.469046,14,0.250000,observed
9.760000,1.330715,6.219563,0.471925,14,0.265625,observed
9.800000,1.323624,6.252980,0.468327,13,0.265625,observed
9.840000,1.325611,6.287795,0.462321,12,0.265625,observed
9.880000,1.308646,6.323634,0.441929,12,0.281250,observed
9.920000,1.302675,6.358894,0.412123,12,0.281250,observed
9.960000,1.287059,6.395528,0.408827,12,0.281250,observed
10.000000,1.279381,6.430993,0.402149,12,0.296875,observed
10.040000,1.277701,6.465239,0.407346,11,0.296875,observed
10.080000,1.261464,6.500574,0.407127,11,0.312500,observed
10.120000,1.244280,6.534974,0.428419,10,0.328125,observed
10.160000,1.234277,6.571395,0.414019,10,0.328125,observed
10.200000,1.223987,6.602843,0.405893,10,0.328125,observed
10.240000,1.224029,6.641406,0.370265,10,0.328125,observed
10.280000,1.207906,6.677898,0.381253,10,0.328125,observed
10.320000,1.193854,6.712061,0.376034,10,0.328125,observed
10.360000,1.185400,6.749322,0.353450,10,0.328125,observed
10.400000,1.176536,6.780379,0.350989,10,0.343750,observed
10.440000,1.163177,6.818072,0.343781,10,0.359375,observed
10.480000,1.155463,6.852449,0.353257,10,0.359375,observed
10.520000,1.149769,6.886807,0.350995,10,0.359375,observed
10.560000,1.134405,6.922763,0.363468,10,0.359375,observed
10.600000,1.140498,6.955886,0.353698,9,0.359375,observed
10.640000,1.123681,6.993338,0.349350,9,0.359375,observed
10.680000,1.113309,7.028423,0.361010,8,0.359375,observed
10.720000,1.114854,7.060911,0.363891,8,0.359375,observed
10.760000,1.105961,7.097259,0.338631,8,0.390625,observed
10.800000,1.096304,7.135553,0.357828,8,0.390625,observed
10.840000,1.081987,7.169328,0.352942,8,0.390625,observed
10.880000,1.079074,7.201991,0.350045,8,0.390625,observed
10.920000,1.073175,7.238654,0.357660,8,0.390625,observed
10.960000,1.057260,7.269714,0.358719,7,0.390625,observed
11.000000,1.041522,7.302861,0.361274,7,0.390625,observed
11.040000,1.042677,7.334842,0.402458,7,0.390625,observed
11.080000,1.041077,7.372690,0.399645,4,0.406250,observed
11.120000,1.043717,7.405561,0.440540,4,0.406250,observed
11.160000,1.037367,7.437833,0.466388,4,0.406250,observed
11.200000,1.041944,7.469503,0.481371,4,0.421875,observed
11.240000,1.044085,7.505724,0.497058,4,0.421875,observed
11.280000,1.024867,7.537701,0.537495,4,0.421875,observed
11.320000,1.017457,7.570360,0.517573,4,0.421875,observed
11.360000,1.022999,7.601146,0.494340,4,0.421875,observed
11.400000,1.011327,7.634497,0.492795,3,0.437500,observed
11.440000,1.004484,7.668514,0.496738,3,0.437500,observed
11.480000,0.997688,7.699018,0.502187,3,0.437500,observed
11.520000,0.983661,7.731744,0.489095,3,0.437500,observed
11.560000,0.978042,7.765807,0.500809,3,0.437500,observed
11.600000,0.975550,7.798966,0.511212,3,0.453125,observed
11.640000,0.975903,7.836914,0.485038,3,0.453125,observed
11.680000,0.972758,7.866377,0.527368,3,0.453125,observed
11.720000,0.980431,7.899778,0.553739,3,0.453125,observed
11.760000,0.978552,7.929618,0.574620,3,0.453125,observed
11.800000,0.981266,7.965856,0.644366,3,0.453125,observed
11.840000,0.971388,7.999567,0.632339,3,0.453125,observed
11.880000,0.974552,8.030088,0.629165,3,0.453125,observed
11.920000,0.981495,8.065384,0.599739,3,0.468750,observed
11.960000,0.984256,8.094572,0.561382,3,0.468750,observed
12.000000,0.976708,8.126333,0.539927,3,0.484375,observed
12.040000,0.986292,8.155209,0.522397,3,0.484375,observed
12.080000,0.984348,8.193193,0.517698,3,0.484375,observed
12.120000,0.969339,8.225013,0.530792,3,0.484375,observed
12.160000,0.965684,8.258022,0.531274,2,0.484375,observed
12.200000,0.958777,8.288572,0.533127,0,0.484375,observed
12.240000,0.963545,8.323544,0.538161,0,0.484375,observed
12.280000,0.944874,8.352373,0.558119,0,0.484375,observed
12.320000,0.949244,8.384452,0.576924,0,0.484375,observed
12.360000,0.934414,8.412845,0.590486,0,0.484375,observed
12.400000,0.920501,8.445199,0.638746,0,0.484375,observed
12.440000,0.909028,8.475550,0.626081,0,0.484375,observed
12.480000,0.907105,8.503039,0.610630,0,0.484375,observed
12.520000,0.900819,8.537626,0.634724,0,0.484375,observed
12.560000,0.890886,8.565148,0.601235,0,0.484375,observed
12.600000,0.882420,8.594286,0.588767,0,0.484375,observed
12.640000,0.873043,8.623402,0.568698,0,0.484375,observed
12.680000,0.877778,8.656181,0.572140,0,0.500000,observed
12.720000,0.864815,8.684046,0.567274,0,0.500000,observed
12.760000,0.868033,8.713606,0.559304,0,0.500000,observed
12.800000,0.865030,8.743734,0.549020,0,0.500000,observed
12.840000,0.858029,8.770967,0.534795,0,0.515625,observed
12.880000,0.847289,8.800884,0.522948,0,0.531250,observed
12.920000,0.831223,8.827520,0.480261,0,0.546875,observed
12.960000,0.828020,8.858957,0.439058,0,0.546875,observed
13.000000,0.815027,8.881362,0.449298,0,0.546875,observed
13.040000,0.813825,8.910114,0.426448,0,0.546875,observed
13.080000,0.795638,8.936643,0.414426,0,0.546875,observed
13.120000,0.794056,8.956620,0.414207,0,0.546875,observed
13.160000,0.775938,8.989798,0.396827,0,0.578125,observed
13.200000,0.758745,9.005007,0.400589,0,0.578125,observed
13.240000,0.757213,9.036957,0.431459,0,0.578125,observed
13.280000,0.745607,9.056012,0.454341,0,0.593750,observed
13.320000,0.748023,9.082197,0.484914,0,0.593750,observed
13.360000,0.734172,9.107673,0.520864,0,0.593750,observed
13.400000,0.742602,9.127646,0.571930,0,0.593750,observed
13.440000,0.738195,9.153947,0.582850,0,0.625000,observed
13.480000,0.727603,9.175912,0.634244,0,0.640625,observed
13.520000,0.722559,9.203069,0.656339,0,0.640625,observed
13.560000,0.708362,9.225626,0.675559,0,0.656250,observed
13.600000,0.713398,9.251434,0.700838,0,0.656250,observed
13.640000,0.701101,9.274802,0.753720,0,0.656250,observed
13.680000,0.694198,9.296043,0.760137,0,0.656250,observed
13.720000,0.682512,9.320924,0.765223,0,0.656250,observed
13.760000,0.671551,9.341843,0.805763,0,0.656250,observed
13.800000,0.659847,9.367396,0.779607,0,0.656250,observed
13.840000,0.646949,9.387648,0.788520,0,0.656250,observed
13.880000,0.644907,9.411120,0.793634,0,0.656250,observed
13.920000,0.619659,9.429973,0.800134,0,0.671875,observed
13.960000,0.616034,9.452163,0.803395,0,0.671875,observed
14.000000,0.599375,9.473688,0.788543,0,0.671875,observed
14.040000,0.588392,9.491463,0.800305,0,0.671875,observed
14.080000,0.575266,9.513624,0.783491,0,0.687500,observed
14.120000,0.568134,9.528129,0.789257,0,0.687500,observed
14.160000,0.563341,9.548765,0.763811,0,0.687500,observed
14.200000,0.547041,9.563120,0.748721,0,0.687500,observed
14.240000,0.543516,9.580403,0.730749,0,0.687500,observed
14.280000,0.531086,9.597541,0.733016,0,0.687500,observed
14.320000,0.529766,9.611280,0.737801,0,0.687500,observed
14.360000,0.519234,9.629450,0.734856,0,0.687500,observed
14.400000,0.507955,9.641269,0.747279,0,0.687500,observed
14.440000,0.507278,9.660331,0.728310,0,0.687500,observed
14.480000,0.490793,9.673527,0.743873,0,0.703125,observed
14.520000,0.476762,9.688065,0.728366,0,0.734375,observed
14.560000,0.467618,9.702618,0.715544,0,0.750000,observed
14.600000,0.459732,9.715287,0.717036,0,0.750000,observed
14.640000,0.452648,9.730051,0.736202,0,0.750000,observed
14.680000,0.443005,9.740984,0.738363,0,0.750000,observed
14.720000,0.431053,9.752947,0.739357,0,0.750000,observed
14.760000,0.428725,9.767112,0.782013,0,0.750000,observed
14.800000,0.422053,9.781713,0.783751,0,0.750000,observed
14.840000,0.413972,9.796596,0.784300,0,0.750000,observed
14.880000,0.408463,9.806255,0.781696,0,0.765625,observed
14.920000,0.403929,9.819532,0.774648,0,0.781250,observed
14.960000,0.394099,9.831923,0.775083,0,0.781250,observed
15.000000,0.384936,9.843184,0.775421,0,0.812500,observed
15.040000,0.381802,9.855113,0.784108,0,0.859375,observed
15.080000,0.373678,9.864610,0.799869,0,0.859375,observed
15.120000,0.369659,9.875528,0.808366,0,0.859375,observed
15.160000,0.358783,9.884424,0.802731,0,0.859375,observed
15.200000,0.350025,9.894258,0.787035,0,0.859375,observed
15.240000,0.340840,9.905233,0.728888,0,0.859375,observed
15.280000,0.341512,9.908028,0.731499,0,0.859375,observed
15.320000,0.332901,9.919895,0.686977,0,0.859375,observed
15.360000,0.324194,9.925929,0.672473,0,0.875000,observed
15.400000,0.316994,9.933246,0.657636,0,0.875000,observed
15.440000,0.299538,9.939400,0.685571,0,0.875000,observed
15.480000,0.292962,9.949182,0.694307,0,0.875000,observed
15.520000,0.280759,9.957016,0.688209,0,0.890625,observed
15.560000,0.264092,9.962318,0.685535,0,0.890625,observed
15.600000,0.263247,9.970021,0.698611,0,0.890625,observed
15.640000,0.255087,9.977183,0.702198,0,0.890625,observed
15.680000,0.245194,9.984058,0.682279,0,0.890625,observed
15.720000,0.232754,9.990252,0.701276,0,0.890625,observed
15.760000,0.229955,9.995772,0.686128,0,0.890625,observed
15.800000,0.221401,10.004526,0.692402,0,0.890625,observed
15.840000,0.217858,10.007223,0.699441,0,0.890625,observed
15.880000,0.212696,10.015279,0.703934,0,0.890625,observed
15.920000,0.198948,10.019763,0.715853,0,0.890625,observed
15.960000,0.199578,10.026100,0.709361,0,0.890625,observed
16.000000,0.195953,10.030731,0.716385,0,0.890625,observed
16.040000,0.192726,10.035789,0.708855,0,0.906250,observed
16.080000,0.177236,10.038488,0.713962,0,0.906250,observed
16.120000,0.173769,10.041553,0.733892,0,0.906250,observed
16.160000,0.171546,10.046543,0.728588,0,0.921875,observed
16.200000,0.167203,10.050741,0.732963,0,0.968750,observed
16.240000,0.162721,10.053340,0.729585,0,0.984375,observed
16.280000,0.160691,10.055391,0.734759,0,0.984375,observed
16.320000,0.156349,10.061398,0.737336,0,0.984375,observed
16.360000,0.152123,10.064540,0.730123,0,1.000000,observed
16.400000,0.143818,10.066728,0.735331,0,1.000000,observed
16.440000,0.140993,10.073195,0.731291,0,1.000000,observed
16.480000,0.140093,10.074725,0.725462,0,1.000000,observed
16.520000,0.137752,10.079462,0.726306,0,1.000000,observed
16.560000,0.126519,10.082236,0.743692,0,1.000000,observed
16.600000,0.121858,10.082646,0.722498,0,1.000000,observed
16.640000,0.122223,10.084897,0.747218,0,1.000000,observed
16.680000,0.115809,10.086555,0.726792,0,1.000000,observed
16.720000,0.117640,10.088104,0.736880,0,1.000000,observed
16.760000,0.111256,10.089825,0.731544,0,1.000000,observed
16.800000,0.117634,10.091500,0.733200,0,1.000000,observed
16.840000,0.115748,10.091957,0.729366,0,1.000000,observed
16.880000,0.119411,10.093867,0.722205,0,1.000000,observed
16.920000,0.112322,10.096820,0.747411,0,1.000000,observed
16.960000,0.122264,10.094793,0.755548,0,1.000000,observed
0.000000,0.699684,10.068854,0.804999,0,0.000000,straight
0.040000,0.753731,10.050728,0.803745,0,0.000000,straight
0.080000,0.805083,10.027278,0.801905,0,0.000000,straight
0.120000,0.853894,9.998912,0.799540,0,0.000000,straight
0.160000,0.900307,9.966009,0.796706,0,0.000000,straight
0.200000,0.944457,9.928917,0.793461,0,0.000000,straight
0.240000,1.039804,9.887958,0.789858,0,0.000000,straight
0.280000,1.127820,9.843430,0.785949,0,0.000000,straight
0.320000,1.209069,9.795607,0.781784,0,0.000000,straight
0.360000,1.284071,9.744743,0.777410,0,0.000000,straight
0.400000,1.353306,9.691071,0.772872,0,0.000000,straight
0.440000,1.417219,9.634807,0.768215,0,0.000000,straight
0.480000,1.476218,9.576150,0.763480,0,0.000000,straight
0.520000,1.530681,9.515285,0.758705,0,0.000000,straight
0.560000,1.580956,9.452380,0.753929,0,0.000000,straight
0.600000,1.627366,9.387594,0.749187,0,0.000000,straight
0.640000,1.670208,9.321070,0.744513,0,0.000000,straight
0.680000,1.709756,9.252943,0.739940,0,0.000000,straight
0.720000,1.746264,9.183335,0.735497,0,0.000000,straight
0.760000,1.779965,9.112360,0.731215,0,0.000000,straight
0.800000,1.811074,9.040124,0.727121,0,0.000000,straight
0.840000,1.839792,8.966723,0.723240,0,0.000000,straight
0.880000,1.866302,8.892247,0.719596,0,0.000000,straight
0.920000,1.890774,8.816779,0.716213,0,0.000000,straight
0.960000,1.913364,8.740395,0.711117,0,0.000000,straight
1.000000,1.934217,8.663164,0.704911,0,0.000000,straight
1.040000,1.953467,8.585154,0.698660,0,0.000000,straight
1.080000,1.971237,8.506422,0.692368,0,0.000000,straight
1.120000,1.987641,8.427026,0.686041,0,0.000000,straight
1.160000,2.002784,8.347015,0.679684,0,0.000000,straight
1.200000,2.016762,8.266437,0.673301,0,0.000000,straight
1.240000,2.029666,8.185336,0.666896,0,0.000000,straight
1.280000,2.041578,8.103752,0.660474,0,0.000000,straight
1.320000,2.052574,8.021723,0.654039,0,0.000000,straight
1.360000,2.062724,7.939281,0.647594,0,0.000000,straight
1.400000,2.072094,7.856460,0.641142,0,0.000000,straight
1.440000,2.080744,7.773287,0.634688,0,0.000000,straight
1.480000,2.088728,7.689791,0.628234,0,0.000000,straight
1.520000,2.096099,7.605996,0.621783,0,0.000000,straight
1.560000,2.102903,7.521925,0.615338,0,0.000000,straight
1.600000,2.109184,7.437600,0.608903,0,0.000000,straight
1.640000,2.114982,7.353039,0.602478,0,0.000000,straight
1.680000,2.120334,7.268261,0.591526,0,0.000000,straight
1.720000,2.125275,7.183283,0.580279,0,0.000000,straight
1.760000,2.129836,7.098120,0.569013,0,0.000000,straight
1.800000,2.134046,7.012786,0.557733,0,0.000000,straight
1.840000,2.137933,6.927294,0.546439,0,0.000000,straight
1.880000,2.141521,6.841657,0.535134,0,0.000000,straight
1.920000,2.144832,6.755886,0.523820,0,0.000000,straight
1.960000,2.147890,6.669991,0.512501,0,0.000000,straight
2.000000,2.150712,6.583981,0.501177,0,0.000000,straight
2.040000,2.153317,6.497866,0.489851,0,0.000000,straight
2.080000,2.155722,6.411653,0.478525,0,0.000000,straight
2.120000,2.157942,6.325350,0.467201,0,0.000000,straight
2.160000,2.159991,6.238964,0.455882,0,0.000000,straight
2.200000,2.161883,6.152501,0.444568,0,0.000000,straight
2.240000,2.163629,6.065968,0.433264,0,0.000000,straight
2.280000,2.165242,5.979369,0.421970,0,0.000000,straight
2.320000,2.166730,5.892709,0.410349,0,0.000000,straight
2.360000,2.168103,5.805994,0.398021,1,0.000000,straight
2.400000,2.169371,5.719228,0.385742,2,0.000000,straight
2.440000,2.170542,5.632414,0.373516,2,0.000000,straight
2.480000,2.171623,5.545556,0.361352,2,0.000000,straight
2.520000,2.172620,5.458658,0.349256,2,0.000000,straight
2.560000,2.173541,5.371723,0.337237,2,0.000000,straight
2.600000,2.174391,5.284753,0.325306,3,0.000000,straight
2.640000,2.175176,5.197751,0.313472,4,0.000000,straight
2.680000,2.175900,5.110720,0.301749,8,0.000000,straight
2.720000,2.176569,5.023661,0.290150,12,0.000000,straight
2.760000,2.177186,4.936578,0.278693,12,0.000000,straight
2.800000,2.177756,4.849471,0.267396,14,0.000000,straight
2.840000,2.178282,4.762344,0.256281,14,0.000000,straight
2.880000,2.178767,4.675196,0.245374,16,0.000000,straight
2.920000,2.179216,4.588031,0.234705,16,0.000000,straight
2.960000,2.179629,4.500848,0.224308,17,0.000000,straight
3.000000,2.180011,4.413650,0.214223,17,0.000000,straight
3.040000,2.180364,4.326438,0.204496,18,0.000000,straight
3.080000,2.180689,4.239213,0.195184,18,0.000000,straight
3.120000,2.180990,4.151975,0.186347,18,0.000000,straight
3.160000,2.181267,4.064726,0.178057,18,0.000000,straight
3.200000,2.181523,3.977467,0.170394,18,0.000000,straight
3.240000,2.181759,3.890198,0.163448,18,0.000000,straight
3.280000,2.181978,3.802920,0.157314,18,0.000000,straight
3.320000,2.182179,3.718619,0.095512,20,0.000000,straight
3.360000,2.182365,3.639308,0.141647,20,0.000000,straight
3.400000,2.182537,3.559990,0.134432,23,0.000000,straight
3.440000,2.182695,3.480666,0.127896,23,0.000000,straight
3.480000,2.182841,3.401337,0.099311,24,0.000000,straight
3.520000,2.182976,3.323798,0.094843,25,0.000000,straight
3.560000,2.183101,3.248456,0.050338,26,0.000000,straight
3.600000,2.183216,3.176214,0.038228,26,0.000000,straight
3.640000,2.183322,3.113739,0.021836,26,0.000000,straight
3.680000,2.183420,3.067169,0.021512,26,0.000000,straight
3.720000,2.183511,3.025236,0.048388,27,0.000000,straight
3.760000,2.183594,2.985104,0.112413,27,0.000000,straight
3.800000,2.183671,2.946982,0.060741,27,0.000000,straight
3.840000,2.183742,2.912622,0.078121,29,0.000000,straight
3.880000,2.183808,2.879875,0.125801,30,0.000000,straight
3.920000,2.183869,2.847126,0.099938,31,0.000000,straight
3.960000,2.183925,2.817495,0.100641,34,0.000000,straight
4.000000,2.183976,2.791639,0.146016,35,0.000000,straight
4.040000,2.184024,2.767221,0.060277,35,0.000000,straight
4.080000,2.184068,2.744805,0.104887,35,0.000000,straight
4.120000,2.184109,2.724209,0.075515,37,0.000000,straight
4.160000,2.184146,2.705232,0.089810,38,0.000000,straight
4.200000,2.184181,2.686254,0.069391,39,0.000000,straight
4.240000,2.184213,2.667276,0.165690,39,0.000000,straight
4.280000,2.184243,2.648297,0.101444,39,0.000000,straight
4.320000,2.184270,2.629318,0.175631,39,0.000000,straight
4.360000,2.184295,2.610339,0.137890,39,0.000000,straight
4.400000,2.184318,2.591360,0.025002,40,0.000000,straight
4.440000,2.184340,2.572380,0.043275,41,0.000000,straight
4.480000,2.184359,2.557759,0.080905,41,0.000000,straight
4.520000,2.184378,2.545212,0.066187,40,0.000000,straight
4.560000,2.184395,2.532664,0.153992,39,0.000000,straight
4.600000,2.184410,2.523154,0.037879,37,0.000000,straight
4.640000,2.184425,2.514152,0.063399,36,0.000000,straight
4.680000,2.184438,2.508884,0.104625,37,0.000000,straight
4.720000,2.184450,2.505431,0.018422,37,0.000000,straight
4.760000,2.184461,2.502007,0.060529,38,0.000000,straight
4.800000,2.184472,2.501482,0.044690,39,0.000000,straight
4.840000,2.184481,2.502778,0.052801,41,0.000000,straight
4.880000,2.184490,2.508005,0.154579,40,0.000000,straight
4.920000,2.184499,2.513231,0.232654,40,0.000000,straight
4.960000,2.184506,2.518457,0.156192,41,0.000000,straight
5.000000,2.184513,2.523683,0.179565,40,0.000000,straight
5.040000,2.184520,2.528909,0.098359,41,0.000000,straight
5.080000,2.184526,2.534135,0.102578,40,0.000000,straight
5.120000,2.184531,2.539362,0.097493,41,0.000000,straight
5.160000,2.184536,2.545885,0.076203,40,0.000000,straight
5.200000,2.184541,2.553695,0.105507,39,0.000000,straight
5.240000,2.184545,2.563102,0.106919,39,0.000000,straight
5.280000,2.184549,2.573585,0.048863,39,0.000000,straight
5.320000,2.184553,2.586372,0.015740,40,0.000000,straight
5.360000,2.184556,2.601516,0.037417,40,0.000000,straight
5.400000,2.184559,2.619659,0.065628,41,0.000000,straight
5.440000,2.184562,2.638103,0.054295,41,0.000000,straight
5.480000,2.184565,2.659274,0.031392,42,0.000000,straight
5.520000,2.184567,2.684720,0.028216,42,0.000000,straight
5.560000,2.184570,2.712731,0.080125,44,0.000000,straight
5.600000,2.184572,2.740742,0.051650,44,0.000000,straight
5.640000,2.184574,2.768768,0.063656,42,0.000000,straight
5.680000,2.184576,2.799642,0.060279,42,0.000000,straight
5.720000,2.184577,2.832503,0.044472,42,0.000000,straight
5.760000,2.184579,2.865687,0.068026,42,0.000000,straight
5.800000,2.184278,2.900864,0.026834,41,0.000000,straight
5.840000,2.183009,2.938006,0.021973,41,0.000000,straight
5.880000,2.180869,2.977881,0.037885,41,0.000000,straight
5.920000,2.177944,3.019812,0.100321,40,0.000000,straight
5.960000,2.174314,3.061948,0.079710,39,0.000000,straight
6.000000,2.170048,3.103962,0.071461,40,0.000000,straight
6.040000,2.165210,3.145590,0.062452,39,0.000000,straight
6.080000,2.159858,3.187947,0.059516,39,0.000000,straight
6.120000,2.153909,3.232619,0.040361,38,0.000000,straight
6.160000,2.146974,3.279318,0.030155,37,0.000000,straight
6.200000,2.139037,3.326471,0.038614,37,0.000000,straight
6.240000,2.130355,3.373394,0.039812,37,0.000000,straight
6.280000,2.120131,3.420112,0.077491,37,0.000000,straight
6.320000,2.107844,3.466592,0.034633,37,0.031250,straight
6.360000,2.092818,3.515969,0.018483,37,0.031250,straight
6.400000,2.074956,3.570168,0.071031,37,0.031250,straight
6.440000,2.054437,3.623682,0.071220,37,0.031250,straight
6.480000,2.031525,3.676230,0.007217,37,0.031250,straight
6.520000,2.006176,3.727671,0.046878,38,0.031250,straight
6.560000,1.978929,3.780400,0.031741,38,0.031250,straight
6.600000,1.950031,3.834758,0.045441,37,0.031250,straight
6.640000,1.920003,3.888335,0.039207,36,0.046875,straight
6.680000,1.889558,3.941359,0.034485,36,0.062500,straight
6.720000,1.859415,3.996379,0.035642,35,0.078125,straight
6.760000,1.830424,4.052419,0.013381,35,0.093750,straight
6.800000,1.802840,4.107278,0.045330,35,0.125000,straight
6.840000,1.776629,4.162212,0.053303,34,0.156250,straight
6.880000,1.751654,4.216789,0.062374,33,0.171875,straight
6.920000,1.728209,4.270347,0.072129,33,0.171875,straight
6.960000,1.705938,4.322988,0.082326,32,0.171875,straight
7.000000,1.684998,4.376582,0.092818,31,0.187500,straight
7.040000,1.665020,4.429568,0.094612,30,0.187500,straight
7.080000,1.646174,4.481885,0.090263,29,0.203125,straight
7.120000,1.628306,4.533861,0.086020,29,0.218750,straight
7.160000,1.610932,4.586747,0.081900,29,0.218750,straight
7.200000,1.593622,4.638983,0.077921,28,0.218750,straight
7.240000,1.576321,4.690466,0.074107,27,0.218750,straight
7.280000,1.559028,4.741271,0.070484,27,0.218750,straight
7.320000,1.541742,4.791735,0.067084,27,0.218750,straight
7.360000,1.524819,4.843045,0.063942,27,0.218750,straight
7.400000,1.508307,4.893555,0.061098,25,0.234375,straight
7.440000,1.492585,4.943888,0.058595,25,0.234375,straight
7.480000,1.477578,4.994818,0.056479,24,0.250000,straight
7.520000,1.463258,5.045149,0.054794,24,0.250000,straight
7.560000,1.449939,5.094942,0.053581,23,0.250000,straight
7.600000,1.437902,5.144255,0.052873,23,0.265625,straight
7.640000,1.427070,5.195024,0.052690,23,0.281250,straight
7.680000,1.417320,5.247046,0.053037,23,0.281250,straight
7.720000,1.408546,5.298714,0.053905,23,0.281250,straight
7.760000,1.400649,5.350513,0.055268,21,0.281250,straight
7.800000,1.393542,5.403281,0.057091,21,0.281250,straight
7.840000,1.387145,5.455792,0.059332,20,0.281250,straight
7.880000,1.381200,5.508071,0.061946,20,0.281250,straight
7.920000,1.375045,5.560141,0.064887,20,0.281250,straight
7.960000,1.368702,5.612023,0.068113,20,0.281250,straight
8.000000,1.362189,5.663736,0.071586,20,0.281250,straight
8.040000,1.355523,5.715297,0.075271,20,0.281250,straight
8.080000,1.348641,5.766645,0.079138,18,0.281250,straight
8.120000,1.341252,5.817557,0.083163,16,0.281250,straight
8.160000,1.333407,5.868074,0.087324,16,0.281250,straight
8.200000,1.325152,5.918237,0.091602,16,0.281250,straight
8.240000,1.316527,5.968082,0.095981,16,0.281250,straight
8.280000,1.307542,6.017607,0.100448,16,0.281250,straight
8.320000,1.298689,6.066722,0.104992,15,0.312500,straight
8.360000,1.289956,6.115915,0.109603,15,0.312500,straight
8.400000,1.281168,6.165920,0.114274,13,0.312500,straight
8.440000,1.272122,6.215625,0.118996,13,0.312500,straight
8.480000,1.262871,6.264973,0.123765,13,0.312500,straight
8.520000,1.253434,6.313937,0.128575,13,0.328125,straight
8.560000,1.243827,6.362554,0.133422,12,0.328125,straight
8.600000,1.234069,6.410796,0.138301,10,0.328125,straight
8.640000,1.224143,6.458616,0.143210,10,0.328125,straight
8.680000,1.213819,6.506035,0.148146,10,0.343750,straight
8.720000,1.203072,6.552968,0.153105,9,0.343750,straight
8.760000,1.191944,6.599463,0.158086,9,0.343750,straight
8.800000,1.180635,6.645565,0.163087,9,0.359375,straight
8.840000,1.169372,6.691299,0.168106,9,0.359375,straight
8.880000,1.158200,6.736518,0.173141,9,0.375000,straight
8.920000,1.147427,6.781183,0.178191,9,0.375000,straight
8.960000,1.137013,6.825349,0.183255,8,0.375000,straight
9.000000,1.126921,6.869067,0.188332,8,0.375000,straight
9.040000,1.117151,6.912381,0.193420,8,0.390625,straight
9.080000,1.108133,6.955332,0.198519,8,0.406250,straight
9.120000,1.100017,6.997956,0.203628,8,0.406250,straight
9.160000,1.092712,7.040285,0.208746,7,0.406250,straight
9.200000,1.086138,7.082616,0.213872,7,0.406250,straight
9.240000,1.080221,7.125840,0.219007,7,0.406250,straight
9.280000,1.074896,7.168850,0.224149,7,0.406250,straight
9.320000,1.070103,7.211667,0.229298,7,0.406250,straight
9.360000,1.065790,7.254310,0.234453,6,0.406250,straight
9.400000,1.061900,7.296796,0.239615,6,0.406250,straight
9.440000,1.057940,7.339142,0.244782,6,0.406250,straight
9.480000,1.053718,7.381361,0.249954,6,0.406250,straight
9.520000,1.049262,7.423466,0.255132,5,0.406250,straight
9.560000,1.044594,7.465469,0.260314,5,0.406250,straight
9.600000,1.039443,7.507376,0.265500,5,0.406250,straight
9.640000,1.033823,7.549016,0.270691,5,0.406250,straight
9.680000,1.027780,7.590337,0.275885,5,0.406250,straight
9.720000,1.021159,7.631371,0.281084,5,0.406250,straight
9.760000,1.013893,7.672147,0.286286,3,0.406250,straight
9.800000,1.005818,7.712573,0.291491,3,0.437500,straight
9.840000,0.997396,7.752671,0.296699,3,0.437500,straight
9.880000,0.988859,7.792473,0.301910,3,0.437500,straight
9.920000,0.980090,7.831930,0.307124,3,0.437500,straight
9.960000,0.970669,7.871026,0.312341,2,0.453125,straight
10.000000,0.960901,7.909703,0.317560,2,0.453125,straight
10.040000,0.950855,7.947974,0.322782,2,0.453125,straight
10.080000,0.940184,7.985881,0.328006,2,0.468750,straight
10.120000,0.928916,8.023407,0.333232,2,0.484375,straight
10.160000,0.917233,8.060415,0.338460,2,0.484375,straight
10.200000,0.905413,8.096934,0.343691,2,0.484375,straight
10.240000,0.893542,8.133013,0.348923,2,0.484375,straight
10.280000,0.881558,8.168547,0.354157,2,0.515625,straight
10.320000,0.869361,8.203496,0.359393,2,0.515625,straight
10.360000,0.857399,8.237919,0.364630,2,0.515625,straight
10.400000,0.845417,8.271868,0.369870,2,0.546875,straight
10.440000,0.833418,8.305391,0.375110,2,0.546875,straight
10.480000,0.821778,8.338504,0.380352,2,0.546875,straight
10.520000,0.810696,8.371152,0.385596,2,0.546875,straight
10.560000,0.800116,8.403374,0.390841,2,0.546875,straight
10.600000,0.789792,8.435100,0.396087,2,0.546875,straight
10.640000,0.779605,8.466380,0.401334,2,0.562500,straight
10.680000,0.769563,8.497258,0.406583,2,0.562500,straight
10.720000,0.759620,8.527774,0.411833,1,0.578125,straight
10.760000,0.749513,8.557965,0.417084,1,0.578125,straight
10.800000,0.739540,8.587785,0.422336,1,0.578125,straight
10.840000,0.729594,8.617233,0.427589,1,0.578125,straight
10.880000,0.719483,8.646329,0.432843,1,0.578125,straight
10.920000,0.709224,8.675000,0.438098,1,0.593750,straight
10.960000,0.698831,8.703179,0.443354,1,0.593750,straight
11.000000,0.688514,8.730916,0.448611,1,0.609375,straight
11.040000,0.678359,8.758218,0.453868,1,0.625000,straight
11.080000,0.668393,8.785051,0.459127,1,0.625000,straight
11.120000,0.658869,8.811464,0.464386,1,0.625000,straight
11.160000,0.649749,8.837498,0.469646,1,0.640625,straight
11.200000,0.640976,8.863191,0.474907,1,0.640625,straight
11.240000,0.632410,8.888577,0.480169,1,0.640625,straight
11.280000,0.624125,8.913686,0.485431,1,0.640625,straight
11.320000,0.615827,8.938547,0.490694,1,0.640625,straight
11.360000,0.607519,8.963079,0.495957,1,0.640625,straight
11.400000,0.599202,8.987307,0.501222,1,0.640625,straight
11.440000,0.590875,9.011182,0.506486,1,0.656250,straight
11.480000,0.582541,9.034701,0.511752,1,0.656250,straight
11.520000,0.574200,9.057795,0.517018,1,0.671875,straight
11.560000,0.566118,9.080505,0.522285,1,0.671875,straight
11.600000,0.558285,9.102871,0.527552,1,0.687500,straight
11.640000,0.550877,9.124927,0.532819,1,0.687500,straight
11.680000,0.543665,9.146703,0.538088,1,0.687500,straight
11.720000,0.536361,9.168227,0.543356,1,0.687500,straight
11.760000,0.528822,9.189526,0.548625,1,0.687500,straight
11.800000,0.520957,9.210621,0.553895,1,0.687500,straight
11.840000,0.512799,9.231532,0.559165,1,0.687500,straight
11.880000,0.504377,9.252167,0.564436,0,0.687500,straight
11.920000,0.495718,9.272339,0.569707,0,0.687500,straight
11.960000,0.486846,9.292034,0.574978,0,0.734375,straight
12.000000,0.477781,9.311254,0.580250,0,0.734375,straight
12.040000,0.468515,9.330046,0.585522,0,0.750000,straight
12.080000,0.458997,9.348454,0.590795,0,0.750000,straight
12.120000,0.449641,9.366515,0.596068,0,0.750000,straight
12.160000,0.440414,9.384264,0.601341,0,0.750000,straight
12.200000,0.431331,9.401733,0.606615,0,0.750000,straight
12.240000,0.422379,9.418938,0.611889,0,0.750000,straight
12.280000,0.413543,9.435766,0.617163,0,0.750000,straight
12.320000,0.404813,9.452196,0.622438,0,0.765625,straight
12.360000,0.396177,9.468200,0.627713,0,0.781250,straight
12.400000,0.387627,9.483787,0.632988,0,0.796875,straight
12.440000,0.379071,9.498998,0.638264,0,0.796875,straight
12.480000,0.370447,9.513871,0.643540,0,0.796875,straight
12.520000,0.361680,9.528440,0.648816,0,0.796875,straight
12.560000,0.352957,9.542735,0.654093,0,0.796875,straight
12.600000,0.344357,9.556784,0.659369,0,0.796875,straight
12.640000,0.335868,9.570567,0.664647,0,0.796875,straight
12.680000,0.327351,9.583945,0.669924,0,0.812500,straight
12.720000,0.318688,9.596868,0.675201,0,0.828125,straight
12.760000,0.309893,9.609383,0.680479,0,0.843750,straight
12.800000,0.300981,9.621529,0.685757,0,0.843750,straight
12.840000,0.292074,9.633345,0.691036,0,0.843750,straight
12.880000,0.283584,9.644811,0.696314,0,0.843750,straight
12.920000,0.275694,9.655915,0.701593,0,0.859375,straight
12.960000,0.268346,9.666693,0.706872,0,0.859375,straight
13.000000,0.261246,9.677177,0.712152,0,0.859375,straight
13.040000,0.254369,9.687396,0.717431,0,0.859375,straight
13.080000,0.247820,9.697378,0.722711,0,0.859375,straight
13.120000,0.241687,9.707146,0.727991,0,0.859375,straight
13.160000,0.235928,9.716721,0.733271,0,0.859375,straight
13.200000,0.230506,9.726028,0.738551,0,0.875000,straight
13.240000,0.225387,9.735093,0.743831,0,0.875000,straight
13.280000,0.220470,9.743939,0.749112,0,0.875000,straight
13.320000,0.215574,9.752590,0.754393,0,0.875000,straight
13.360000,0.210696,9.761064,0.759674,0,0.875000,straight
13.400000,0.206073,9.769379,0.764955,0,0.875000,straight
13.440000,0.201681,9.777551,0.770237,0,0.875000,straight
13.480000,0.197496,9.785566,0.775518,0,0.875000,straight
13.520000,0.193498,9.793375,0.780800,0,0.890625,straight
13.560000,0.189667,9.801000,0.786082,0,0.890625,straight
13.600000,0.185989,9.808457,0.791364,0,0.890625,straight
13.640000,0.182446,9.815765,0.796646,0,0.890625,straight
13.680000,0.178893,9.822938,0.801928,0,0.890625,straight
13.720000,0.175464,9.829989,0.805004,0,0.890625,straight
13.760000,0.172147,9.836931,0.805004,0,0.890625,straight
13.800000,0.168929,9.843774,0.805003,0,0.890625,straight
13.840000,0.165802,9.850530,0.805003,0,0.890625,straight
13.880000,0.162725,9.857123,0.805003,0,0.906250,straight
13.920000,0.159497,9.863561,0.805002,0,0.906250,straight
13.960000,0.156131,9.869858,0.805002,0,0.906250,straight
14.000000,0.152643,9.876029,0.805002,0,0.906250,straight
14.040000,0.149044,9.882086,0.805001,0,0.906250,straight
14.080000,0.145549,9.888028,0.805001,0,0.906250,straight
14.120000,0.142176,9.893788,0.805001,0,0.921875,straight
14.160000,0.138912,9.899383,0.805001,0,0.921875,straight
14.200000,0.135747,9.904832,0.805001,0,0.921875,straight
14.240000,0.132589,9.910147,0.805001,0,0.921875,straight
14.280000,0.129205,9.915343,0.805001,0,0.921875,straight
14.320000,0.125717,9.920432,0.805000,0,0.921875,straight
14.360000,0.122134,9.925423,0.805000,0,0.921875,straight
14.400000,0.118467,9.930328,0.805000,0,0.921875,straight
14.440000,0.114723,9.935121,0.805000,0,0.937500,straight
14.480000,0.110911,9.939710,0.805000,0,0.953125,straight
14.520000,0.107037,9.944074,0.805000,0,0.953125,straight
14.560000,0.103108,9.948237,0.805000,0,0.953125,straight
14.600000,0.098924,9.952218,0.805000,0,0.953125,straight
14.640000,0.094583,9.956036,0.805000,0,0.953125,straight
14.680000,0.090365,9.959708,0.805000,0,0.953125,straight
14.720000,0.086356,9.963246,0.805000,0,0.953125,straight
14.760000,0.082534,9.966666,0.805000,0,0.968750,straight
14.800000,0.078882,9.969897,0.805000,0,0.968750,straight
14.840000,0.075382,9.972954,0.805000,0,0.968750,straight
14.880000,0.072019,9.975856,0.805000,0,0.968750,straight
14.920000,0.068779,9.978616,0.805000,0,0.968750,straight
14.960000,0.065650,9.981251,0.805000,0,0.968750,straight
15.000000,0.062825,9.983771,0.805000,0,0.968750,straight
15.040000,0.060282,9.986189,0.805000,0,0.968750,straight
15.080000,0.057994,9.988515,0.805000,0,0.968750,straight
15.120000,0.055934,9.990758,0.805000,0,0.968750,straight
15.160000,0.054081,9.992926,0.805000,0,0.968750,straight
15.200000,0.052413,9.995027,0.805000,0,0.968750,straight
15.240000,0.050912,9.997067,0.805000,0,0.968750,straight
15.280000,0.049560,9.999053,0.804999,0,0.968750,straight
15.320000,0.048344,10.000990,0.804999,0,0.968750,straight
15.360000,0.047250,10.002883,0.804999,0,0.968750,straight
15.400000,0.046265,10.004736,0.804999,0,0.968750,straight
15.440000,0.045378,10.006554,0.804999,0,0.968750,straight
15.480000,0.044580,10.008339,0.804999,0,0.968750,straight
15.520000,0.043862,10.010096,0.804999,0,0.968750,straight
15.560000,0.043216,10.011826,0.804999,0,0.968750,straight
15.600000,0.042634,10.013533,0.804999,0,0.968750,straight
15.640000,0.042043,10.015219,0.804999,0,0.968750,straight
15.680000,0.041311,10.016885,0.804999,0,0.968750,straight
15.720000,0.040453,10.018535,0.804999,0,0.968750,straight
15.760000,0.039482,10.020170,0.804999,0,0.968750,straight
15.800000,0.038409,10.021790,0.804999,0,0.984375,straight
15.840000,0.037243,10.023371,0.804999,0,0.984375,straight
15.880000,0.035996,10.024864,0.804999,0,0.984375,straight
15.920000,0.034673,10.026277,0.804999,0,0.984375,straight
15.960000,0.033284,10.027619,0.804999,0,0.984375,straight
16.000000,0.031834,10.028896,0.804999,0,0.984375,straight
16.040000,0.030399,10.030116,0.804999,0,0.984375,straight
16.080000,0.029107,10.031284,0.804999,0,0.984375,straight
16.120000,0.027944,10.032404,0.804999,0,0.984375,straight
16.160000,0.026897,10.033483,0.804999,0,0.984375,straight
16.200000,0.025956,10.034524,0.804999,0,0.984375,straight
16.240000,0.025108,10.035530,0.804999,0,0.984375,straight
16.280000,0.024345,10.036506,0.804999,0,0.984375,straight
16.320000,0.023658,10.037454,0.804999,0,0.984375,straight
16.360000,0.023040,10.038378,0.804999,0,0.984375,straight
16.400000,0.022484,10.039278,0.804999,0,0.984375,straight
16.440000,0.021984,10.040159,0.804999,0,0.984375,straight
16.480000,0.021533,10.041022,0.804999,0,0.984375,straight
16.520000,0.021128,10.041868,0.804999,0,0.984375,straight
16.560000,0.020763,10.042699,0.804999,0,0.984375,straight
16.600000,0.020434,10.043518,0.804999,0,0.984375,straight
16.640000,0.020139,10.044324,0.804999,0,0.984375,straight
16.680000,0.019873,10.045120,0.804999,0,0.984375,straight
16.720000,0.019633,10.045905,0.804999,0,0.984375,straight
16.760000,0.019418,10.046683,0.804999,0,0.984375,straight
16.800000,0.019303,10.047452,0.804999,0,0.984375,straight
16.840000,0.019196,10.048215,0.804999,0,0.984375,straight
16.880000,0.019096,10.048971,0.804999,0,0.984375,straight
16.920000,0.019004,10.049721,0.804999,0,0.984375,straight
16.960000,0.018919,10.050467,0.804999,0,0.984375,straight
0.000000,0.699073,10.068854,0.804999,0,0.000000,orca
0.040000,0.753220,10.050839,0.803745,0,0.000000,orca
0.080000,0.804645,10.027400,0.801905,0,0.000000,orca
0.120000,0.853510,9.999036,0.799540,0,0.000000,orca
0.160000,0.899959,9.966132,0.796706,0,0.000000,orca
0.200000,0.944130,9.929040,0.793461,0,0.000000,orca
0.240000,1.039727,9.888082,0.789858,0,0.000000,orca
0.280000,1.127731,9.843554,0.785949,0,0.000000,orca
0.320000,1.208927,9.795731,0.781784,0,0.000000,orca
0.360000,1.283859,9.744869,0.777410,0,0.000000,orca
0.400000,1.353013,9.691202,0.772872,0,0.000000,orca
0.440000,1.416830,9.634948,0.768215,0,0.000000,orca
0.480000,1.475711,9.576308,0.763480,0,0.000000,orca
0.520000,1.530033,9.515465,0.758705,0,0.000000,orca
0.560000,1.580162,9.452589,0.753929,0,0.000000,orca
0.600000,1.626436,9.387836,0.749187,0,0.000000,orca
0.640000,1.669167,9.321351,0.744513,0,0.000000,orca
0.680000,1.708632,9.253272,0.739940,0,0.000000,orca
0.720000,1.745083,9.183721,0.735497,0,0.000000,orca
0.760000,1.778735,9.112808,0.731215,0,0.000000,orca
0.800000,1.809786,9.040633,0.727121,0,0.000000,orca
0.840000,1.838440,8.967288,0.723240,0,0.000000,orca
0.880000,1.864887,8.892863,0.719596,0,0.000000,orca
0.920000,1.889302,8.817442,0.716213,0,0.000000,orca
0.960000,1.911836,8.741108,0.713113,0,0.000000,orca
1.000000,1.932618,8.663936,0.710314,0,0.000000,orca
1.040000,1.951766,8.585992,0.707836,0,0.000000,orca
1.080000,1.969406,8.507335,0.705695,0,0.000000,orca
1.120000,1.985658,8.428020,0.703907,0,0.000000,orca
1.160000,2.000443,8.348095,0.702486,0,0.000000,orca
1.200000,2.013851,8.267609,0.699080,0,0.000000,orca
1.240000,2.025926,8.186606,0.694430,0,0.000000,orca
1.280000,2.036611,8.105127,0.689787,0,0.000000,orca
1.320000,2.045846,8.023208,0.685150,0,0.000000,orca
1.360000,2.053423,7.940962,0.680521,0,0.000000,orca
1.400000,2.059038,7.858430,0.675898,0,0.000000,orca
1.440000,2.063217,7.775660,0.671283,0,0.000000,orca
1.480000,2.066160,7.692734,0.666674,0,0.000000,orca
1.520000,2.067809,7.609729,0.662072,0,0.000000,orca
1.560000,2.068057,7.526778,0.657477,0,0.000000,orca
1.600000,2.066997,7.444057,0.652888,0,0.000000,orca
1.640000,2.064768,7.361395,0.648307,0,0.000000,orca
1.680000,2.061630,7.278753,0.643480,0,0.000000,orca
1.720000,2.057883,7.196191,0.637603,0,0.000000,orca
1.760000,2.053797,7.113867,0.633964,0,0.000000,orca
1.800000,2.049522,7.031786,0.630057,0,0.000000,orca
1.840000,2.045009,6.949942,0.625536,0,0.000000,orca
1.880000,2.040097,6.868315,0.621053,0,0.000000,orca
1.920000,2.035379,6.786865,0.616609,0,0.000000,orca
1.960000,2.031099,6.705614,0.612208,0,0.000000,orca
2.000000,2.026856,6.624666,0.607853,0,0.000000,orca
2.040000,2.022848,6.543884,0.603545,0,0.000000,orca
2.080000,2.018819,6.463294,0.599289,0,0.000000,orca
2.120000,2.014521,6.382724,0.594964,0,0.000000,orca
2.160000,2.009762,6.302234,0.589422,0,0.000000,orca
2.200000,2.005050,6.221996,0.583350,0,0.000000,orca
2.240000,2.000035,6.141922,0.578371,0,0.000000,orca
2.280000,1.994802,6.062105,0.573217,0,0.000000,orca
2.320000,1.988799,5.982593,0.567984,0,0.000000,orca
2.360000,1.982641,5.903488,0.563017,0,0.000000,orca
2.400000,1.976776,5.824675,0.558685,0,0.000000,orca
2.440000,1.970957,5.746164,0.554535,0,0.000000,orca
2.480000,1.965295,5.667948,0.550625,1,0.000000,orca
2.520000,1.959808,5.590072,0.547161,1,0.000000,orca
2.560000,1.954704,5.512358,0.544117,1,0.000000,orca
2.600000,1.949602,5.434827,0.541459,2,0.000000,orca
2.640000,1.944417,5.357476,0.539175,3,0.000000,orca
2.680000,1.938789,5.280354,0.537162,3,0.000000,orca
2.720000,1.932730,5.203504,0.535137,3,0.000000,orca
2.760000,1.926193,5.126945,0.532970,3,0.000000,orca
2.800000,1.919123,5.050720,0.530554,4,0.000000,orca
2.840000,1.911387,4.974876,0.527432,4,0.000000,orca
2.880000,1.903017,4.899545,0.524166,5,0.000000,orca
2.920000,1.894455,4.824757,0.521444,7,0.000000,orca
2.960000,1.885538,4.750373,0.519372,9,0.000000,orca
3.000000,1.876313,4.676416,0.517906,11,0.000000,orca
3.040000,1.866692,4.602980,0.516936,11,0.000000,orca
3.080000,1.857510,4.530116,0.516297,12,0.000000,orca
3.120000,1.848896,4.457737,0.515759,13,0.000000,orca
3.160000,1.840253,4.385985,0.515211,14,0.000000,orca
3.200000,1.831614,4.314973,0.514629,15,0.000000,orca
3.240000,1.823350,4.244863,0.514030,16,0.000000,orca
3.280000,1.815626,4.175543,0.510248,16,0.000000,orca
3.320000,1.808067,4.107138,0.504663,16,0.000000,orca
3.360000,1.800316,4.039981,0.499640,17,0.000000,orca
3.400000,1.791712,3.974915,0.495984,18,0.000000,orca
3.440000,1.782260,3.912582,0.495109,18,0.000000,orca
3.480000,1.770882,3.851745,0.495297,18,0.000000,orca
3.520000,1.758309,3.791773,0.495683,18,0.000000,orca
3.560000,1.745329,3.732727,0.496119,19,0.000000,orca
3.600000,1.731637,3.674752,0.496978,21,0.000000,orca
3.640000,1.716904,3.617593,0.498321,21,0.000000,orca
3.680000,1.701531,3.561494,0.489915,21,0.000000,orca
3.720000,1.684957,3.506687,0.492287,23,0.000000,orca
3.760000,1.665777,3.453554,0.481972,23,0.000000,orca
3.800000,1.648379,3.403191,0.472982,23,0.000000,orca
3.840000,1.629866,3.356579,0.488352,23,0.000000,orca
3.880000,1.612528,3.312420,0.499310,23,0.000000,orca
3.920000,1.595568,3.269678,0.498607,25,0.000000,orca
3.960000,1.579901,3.227720,0.484226,26,0.000000,orca
4.000000,1.566068,3.188277,0.483563,26,0.000000,orca
4.040000,1.554848,3.151696,0.477828,27,0.000000,orca
4.080000,1.542403,3.117893,0.490752,27,0.000000,orca
4.120000,1.532169,3.085182,0.483945,28,0.000000,orca
4.160000,1.525751,3.053616,0.483880,29,0.000000,orca
4.200000,1.521045,3.023756,0.482286,30,0.000000,orca
4.240000,1.519719,2.995413,0.481459,30,0.000000,orca
4.280000,1.519476,2.969026,0.479746,30,0.000000,orca
4.320000,1.519736,2.944653,0.472885,30,0.000000,orca
4.360000,1.518736,2.922156,0.477152,30,0.000000,orca
4.400000,1.517314,2.901751,0.481071,31,0.000000,orca
4.440000,1.515667,2.882719,0.485558,31,0.000000,orca
4.480000,1.516877,2.865150,0.486757,32,0.000000,orca
4.520000,1.517433,2.848062,0.488427,32,0.000000,orca
4.560000,1.515978,2.831843,0.489805,33,0.000000,orca
4.600000,1.510942,2.817152,0.491409,33,0.000000,orca
4.640000,1.502971,2.804526,0.494192,33,0.000000,orca
4.680000,1.493302,2.794125,0.495521,34,0.000000,orca
4.720000,1.483808,2.785708,0.490010,34,0.000000,orca
4.760000,1.474944,2.778380,0.488198,36,0.000000,orca
4.800000,1.466165,2.771831,0.488659,36,0.000000,orca
4.840000,1.456063,2.765125,0.482445,34,0.000000,orca
4.880000,1.445661,2.758452,0.482910,36,0.000000,orca
4.920000,1.436126,2.752145,0.484702,37,0.000000,orca
4.960000,1.429162,2.746296,0.482340,38,0.000000,orca
5.000000,1.423711,2.741321,0.476464,37,0.000000,orca
5.040000,1.420583,2.737039,0.477406,37,0.000000,orca
5.080000,1.417494,2.733354,0.477427,37,0.000000,orca
5.120000,1.414945,2.730248,0.485214,37,0.000000,orca
5.160000,1.412025,2.727722,0.489356,37,0.000000,orca
5.200000,1.409484,2.725842,0.491031,38,0.000000,orca
5.240000,1.407041,2.724748,0.487207,38,0.000000,orca
5.280000,1.403314,2.724382,0.485909,38,0.000000,orca
5.320000,1.399412,2.724961,0.483609,38,0.000000,orca
5.360000,1.395482,2.726191,0.482738,38,0.000000,orca
5.400000,1.391903,2.728352,0.485091,38,0.000000,orca
5.440000,1.388987,2.731035,0.485021,38,0.000000,orca
5.480000,1.384768,2.734396,0.484071,39,0.000000,orca
5.520000,1.379790,2.738601,0.485221,39,0.000000,orca
5.560000,1.375477,2.743558,0.482561,39,0.000000,orca
5.600000,1.371593,2.749411,0.481086,39,0.000000,orca
5.640000,1.367239,2.755334,0.480974,39,0.000000,orca
5.680000,1.363976,2.761823,0.482620,39,0.000000,orca
5.720000,1.360905,2.769542,0.483676,41,0.000000,orca
5.760000,1.357828,2.778402,0.484948,41,0.000000,orca
5.800000,1.354222,2.788172,0.485481,40,0.000000,orca
5.840000,1.348245,2.798838,0.486021,40,0.000000,orca
5.880000,1.343922,2.810283,0.483034,40,0.000000,orca
5.920000,1.339597,2.822490,0.485085,40,0.000000,orca
5.960000,1.332089,2.835506,0.487981,40,0.000000,orca
6.000000,1.322513,2.849374,0.483608,40,0.000000,orca
6.040000,1.312804,2.863866,0.485149,39,0.000000,orca
6.080000,1.304172,2.878662,0.488605,40,0.000000,orca
6.120000,1.296322,2.894247,0.490240,40,0.000000,orca
6.160000,1.289464,2.909630,0.490242,42,0.000000,orca
6.200000,1.282621,2.925027,0.484005,42,0.000000,orca
6.240000,1.275632,2.940958,0.487283,42,0.000000,orca
6.280000,1.266803,2.957164,0.491510,42,0.000000,orca
6.320000,1.257029,2.973800,0.493505,42,0.000000,orca
6.360000,1.248632,2.990873,0.494258,43,0.000000,orca
6.400000,1.240080,3.008491,0.493974,43,0.000000,orca
6.440000,1.231346,3.026623,0.491816,43,0.000000,orca
6.480000,1.221191,3.045207,0.491401,43,0.031250,orca
6.520000,1.210138,3.064210,0.491662,43,0.031250,orca
6.560000,1.198244,3.083569,0.491096,42,0.031250,orca
6.600000,1.185775,3.103195,0.491284,42,0.031250,orca
6.640000,1.173469,3.122976,0.492395,42,0.031250,orca
6.680000,1.161109,3.142642,0.494171,42,0.031250,orca
6.720000,1.149890,3.162310,0.495589,43,0.031250,orca
6.760000,1.138708,3.181944,0.496598,43,0.031250,orca
6.800000,1.127619,3.201781,0.497119,43,0.031250,orca
6.840000,1.116730,3.221637,0.497246,43,0.031250,orca
6.880000,1.106832,3.241285,0.497095,44,0.031250,orca
6.920000,1.098386,3.261018,0.495927,44,0.046875,orca
6.960000,1.091545,3.280570,0.496114,44,0.062500,orca
7.000000,1.085760,3.299976,0.496831,43,0.062500,orca
7.040000,1.080572,3.319266,0.497787,43,0.062500,orca
7.080000,1.075040,3.338500,0.498594,43,0.062500,orca
7.120000,1.067997,3.357649,0.498051,43,0.062500,orca
7.160000,1.059458,3.376754,0.497573,42,0.078125,orca
7.200000,1.049006,3.395745,0.497552,42,0.078125,orca
7.240000,1.038119,3.414654,0.496318,42,0.078125,orca
7.280000,1.025494,3.433195,0.496775,43,0.078125,orca
7.320000,1.010939,3.451396,0.497758,43,0.078125,orca
7.360000,0.994428,3.469087,0.497698,44,0.078125,orca
7.400000,0.976482,3.486067,0.496534,44,0.078125,orca
7.440000,0.957581,3.502790,0.497093,44,0.078125,orca
7.480000,0.938914,3.519150,0.497258,44,0.078125,orca
7.520000,0.921345,3.535187,0.497193,44,0.078125,orca
7.560000,0.905509,3.551028,0.497242,44,0.093750,orca
7.600000,0.892070,3.566696,0.497315,44,0.109375,orca
7.640000,0.879365,3.582166,0.496992,44,0.125000,orca
7.680000,0.868089,3.597372,0.496252,44,0.156250,orca
7.720000,0.858066,3.612474,0.496507,44,0.156250,orca
7.760000,0.849320,3.627685,0.497785,44,0.156250,orca
7.800000,0.841362,3.642865,0.499063,44,0.156250,orca
7.840000,0.833572,3.657699,0.499469,44,0.156250,orca
7.880000,0.825806,3.672076,0.499509,44,0.156250,orca
7.920000,0.817275,3.686123,0.499554,44,0.156250,orca
7.960000,0.808117,3.699856,0.499601,44,0.156250,orca
8.000000,0.798959,3.713277,0.499675,43,0.171875,orca
8.040000,0.790340,3.726356,0.499764,42,0.171875,orca
8.080000,0.782508,3.738948,0.499701,42,0.171875,orca
8.120000,0.775510,3.751133,0.499634,42,0.171875,orca
8.160000,0.768968,3.763079,0.499580,42,0.187500,orca
8.200000,0.763234,3.774905,0.499544,42,0.187500,orca
8.240000,0.758515,3.786770,0.499543,42,0.203125,orca
8.280000,0.754115,3.798649,0.499431,42,0.203125,orca
8.320000,0.750191,3.810412,0.499345,42,0.203125,orca
8.360000,0.747390,3.821880,0.499380,42,0.203125,orca
8.400000,0.745100,3.833251,0.499416,41,0.203125,orca
8.440000,0.743297,3.844353,0.499519,41,0.203125,orca
8.480000,0.742150,3.855131,0.499601,41,0.203125,orca
8.520000,0.741164,3.865509,0.499640,41,0.203125,orca
8.560000,0.739978,3.875624,0.499659,42,0.203125,orca
8.600000,0.738700,3.885660,0.499674,42,0.218750,orca
8.640000,0.736623,3.895813,0.499686,41,0.218750,orca
8.680000,0.733914,3.906073,0.499693,41,0.218750,orca
8.720000,0.730966,3.916274,0.499701,41,0.218750,orca
8.760000,0.727756,3.926322,0.499707,41,0.218750,orca
8.800000,0.724547,3.936351,0.499714,40,0.218750,orca
8.840000,0.721326,3.946464,0.499723,40,0.218750,orca
8.880000,0.718177,3.956687,0.499743,39,0.218750,orca
8.920000,0.715298,3.967014,0.499636,39,0.218750,orca
8.960000,0.712570,3.977456,0.499181,39,0.234375,orca
9.000000,0.710127,3.988027,0.499217,39,0.234375,orca
9.040000,0.708477,3.998744,0.499376,39,0.234375,orca
9.080000,0.707630,4.009625,0.499440,39,0.234375,orca
9.120000,0.707544,4.020695,0.499764,39,0.234375,orca
9.160000,0.708251,4.031983,0.499768,40,0.234375,orca
9.200000,0.709769,4.043505,0.499773,40,0.234375,orca
9.240000,0.712115,4.055278,0.499782,40,0.234375,orca
9.280000,0.715453,4.067304,0.499791,39,0.234375,orca
9.320000,0.719496,4.079582,0.499796,39,0.234375,orca
9.360000,0.723608,4.092114,0.499787,39,0.234375,orca
9.400000,0.727531,4.104901,0.499734,39,0.234375,orca
9.440000,0.731429,4.117883,0.499768,39,0.234375,orca
9.480000,0.735171,4.131024,0.499807,39,0.234375,orca
9.520000,0.738577,4.144128,0.499806,39,0.234375,orca
9.560000,0.741130,4.157158,0.499705,39,0.234375,orca
9.600000,0.742723,4.170306,0.499808,38,0.234375,orca
9.640000,0.742998,4.183736,0.499859,37,0.234375,orca
9.680000,0.741809,4.197405,0.499758,37,0.234375,orca
9.720000,0.739262,4.211283,0.499737,36,0.234375,orca
9.760000,0.736131,4.225256,0.499789,36,0.234375,orca
9.800000,0.732848,4.239357,0.499668,36,0.234375,orca
9.840000,0.729514,4.253489,0.499604,36,0.234375,orca
9.880000,0.726504,4.267677,0.499578,36,0.234375,orca
9.920000,0.724219,4.281924,0.499578,36,0.234375,orca
9.960000,0.721927,4.296200,0.499623,36,0.250000,orca
10.000000,0.719658,4.310473,0.499644,36,0.250000,orca
10.040000,0.717821,4.324838,0.499643,36,0.250000,orca
10.080000,0.716238,4.339518,0.499636,36,0.265625,orca
10.120000,0.714882,4.354677,0.499626,36,0.265625,orca
10.160000,0.713311,4.369835,0.499610,36,0.265625,orca
10.200000,0.711580,4.384964,0.499570,36,0.265625,orca
10.240000,0.709583,4.400075,0.499573,36,0.265625,orca
10.280000,0.707073,4.415102,0.499592,36,0.265625,orca
10.320000,0.703748,4.430027,0.499651,36,0.265625,orca
10.360000,0.700941,4.444843,0.499726,36,0.281250,orca
10.400000,0.698761,4.459599,0.499797,36,0.281250,orca
10.440000,0.697706,4.474354,0.499831,36,0.281250,orca
10.480000,0.696546,4.489186,0.499844,36,0.281250,orca
10.520000,0.695419,4.504109,0.499853,36,0.281250,orca
10.560000,0.694484,4.519038,0.499862,35,0.281250,orca
10.600000,0.693867,4.533958,0.499872,35,0.281250,orca
10.640000,0.693795,4.548659,0.499884,35,0.281250,orca
10.680000,0.694192,4.563386,0.499906,34,0.281250,orca
10.720000,0.695180,4.578227,0.499966,34,0.281250,orca
10.760000,0.696520,4.593233,0.499843,34,0.281250,orca
10.800000,0.698262,4.608464,0.499822,34,0.281250,orca
10.840000,0.699769,4.624003,0.499768,33,0.281250,orca
10.880000,0.702107,4.639847,0.499641,33,0.281250,orca
10.920000,0.704755,4.656055,0.499545,33,0.281250,orca
10.960000,0.707179,4.672619,0.499484,33,0.281250,orca
11.000000,0.708888,4.689580,0.499444,33,0.281250,orca
11.040000,0.710037,4.706920,0.499408,33,0.281250,orca
11.080000,0.711096,4.724533,0.499374,33,0.281250,orca
11.120000,0.711866,4.742214,0.499345,33,0.281250,orca
11.160000,0.712365,4.759700,0.499320,32,0.281250,orca
11.200000,0.712616,4.776783,0.499299,32,0.281250,orca
11.240000,0.713184,4.793683,0.499280,32,0.281250,orca
11.280000,0.714246,4.810727,0.499262,32,0.281250,orca
11.320000,0.715378,4.827930,0.499243,32,0.281250,orca
11.360000,0.716384,4.845325,0.499223,32,0.296875,orca
11.400000,0.717400,4.862951,0.499201,32,0.296875,orca
11.440000,0.718435,4.881106,0.499151,32,0.296875,orca
11.480000,0.719492,4.899962,0.498732,31,0.296875,orca
11.520000,0.720273,4.919177,0.498819,31,0.296875,orca
11.560000,0.720784,4.938652,0.499150,31,0.312500,orca
11.600000,0.720722,4.958331,0.499392,31,0.312500,orca
11.640000,0.719377,4.978181,0.499587,31,0.312500,orca
11.680000,0.716643,4.998175,0.499697,31,0.312500,orca
11.720000,0.713193,5.018196,0.499646,31,0.312500,orca
11.760000,0.709631,5.038256,0.499803,31,0.312500,orca
11.800000,0.706278,5.058349,0.499699,31,0.312500,orca
11.840000,0.703182,5.078487,0.499502,31,0.328125,orca
11.880000,0.700413,5.098676,0.499944,31,0.328125,orca
11.920000,0.698253,5.118841,0.499955,31,0.328125,orca
11.960000,0.696762,5.138999,0.499944,31,0.328125,orca
12.000000,0.696137,5.159156,0.499939,31,0.328125,orca
12.040000,0.695987,5.179335,0.499937,31,0.328125,orca
12.080000,0.696369,5.199559,0.499937,31,0.328125,orca
12.120000,0.697193,5.219857,0.499938,31,0.328125,orca
12.160000,0.698241,5.240287,0.499946,31,0.328125,orca
12.200000,0.699437,5.260892,0.499955,31,0.328125,orca
12.240000,0.700703,5.281553,0.499963,31,0.328125,orca
12.280000,0.702045,5.302362,0.499968,31,0.328125,orca
12.320000,0.703733,5.323372,0.499971,31,0.328125,orca
12.360000,0.706073,5.344557,0.499973,30,0.328125,orca
12.400000,0.708565,5.365917,0.499972,30,0.328125,orca
12.440000,0.710890,5.387403,0.499965,30,0.328125,orca
12.480000,0.713105,5.409002,0.499958,29,0.328125,orca
12.520000,0.715173,5.430746,0.499960,29,0.328125,orca
12.560000,0.717167,5.452457,0.499958,29,0.328125,orca
12.600000,0.719100,5.474149,0.499955,29,0.328125,orca
12.640000,0.721068,5.495998,0.499953,29,0.328125,orca
12.680000,0.723104,5.518001,0.499951,29,0.328125,orca
12.720000,0.724810,5.540152,0.499949,29,0.328125,orca
12.760000,0.725706,5.562442,0.499947,28,0.328125,orca
12.800000,0.726022,5.584843,0.499941,28,0.328125,orca
12.840000,0.726399,5.607340,0.500000,28,0.328125,orca
12.880000,0.726684,5.629943,0.500001,28,0.328125,orca
12.920000,0.727076,5.652604,0.500000,26,0.328125,orca
12.960000,0.727762,5.675259,0.500001,26,0.328125,orca
13.000000,0.728907,5.697913,0.500007,26,0.328125,orca
13.040000,0.731556,5.720631,0.500001,26,0.328125,orca
13.080000,0.735037,5.743350,0.500007,26,0.343750,orca
13.120000,0.738981,5.766027,0.500001,26,0.359375,orca
13.160000,0.743556,5.788684,0.500007,26,0.359375,orca
13.200000,0.749341,5.811303,0.500001,25,0.359375,orca
13.240000,0.756144,5.833877,0.500007,24,0.359375,orca
13.280000,0.763486,5.856439,0.500001,24,0.359375,orca
13.320000,0.770879,5.878948,0.500007,24,0.375000,orca
13.360000,0.778053,5.901236,0.500001,24,0.375000,orca
13.400000,0.784533,5.923199,0.499989,23,0.375000,orca
13.440000,0.788720,5.945094,0.500000,23,0.375000,orca
13.480000,0.791500,5.967186,0.500002,23,0.375000,orca
13.520000,0.794200,5.989544,0.500000,23,0.390625,orca
13.560000,0.796576,6.011901,0.500002,23,0.390625,orca
13.600000,0.796770,6.034013,0.500000,23,0.390625,orca
13.640000,0.795219,6.055553,0.500002,23,0.406250,orca
13.680000,0.791923,6.076187,0.500000,23,0.406250,orca
13.720000,0.785994,6.096098,0.500002,23,0.421875,orca
13.760000,0.779161,6.115392,0.500000,23,0.421875,orca
13.800000,0.772338,6.134438,0.500002,22,0.453125,orca
13.840000,0.768141,6.153112,0.500000,22,0.453125,orca
13.880000,0.768034,6.171332,0.500002,22,0.453125,orca
13.920000,0.767510,6.188785,0.500001,22,0.453125,orca
13.960000,0.766242,6.206230,0.500002,21,0.453125,orca
14.000000,0.764562,6.223676,0.500001,21,0.453125,orca
14.040000,0.762849,6.241064,0.500003,21,0.453125,orca
14.080000,0.760261,6.258414,0.500003,21,0.453125,orca
14.120000,0.756294,6.275706,0.500005,21,0.453125,orca
14.160000,0.752936,6.292968,0.500005,20,0.453125,orca
14.200000,0.750478,6.310240,0.500000,20,0.453125,orca
14.240000,0.748965,6.327291,0.500010,20,0.453125,orca
14.280000,0.748896,6.344481,0.500003,20,0.453125,orca
14.320000,0.750504,6.361806,0.500019,19,0.468750,orca
14.360000,0.753432,6.379343,0.500230,19,0.468750,orca
14.400000,0.757359,6.397316,0.500022,19,0.468750,orca
14.440000,0.761336,6.415685,0.500469,18,0.468750,orca
14.480000,0.765775,6.434529,0.500189,18,0.468750,orca
14.520000,0.770194,6.453895,0.501027,18,0.468750,orca
14.560000,0.774521,6.473751,0.501192,18,0.468750,orca
14.600000,0.778652,6.494100,0.501452,18,0.468750,orca
14.640000,0.782317,6.514966,0.501788,18,0.468750,orca
14.680000,0.785237,6.536327,0.502190,18,0.468750,orca
14.720000,0.787044,6.558165,0.502116,18,0.468750,orca
14.760000,0.787956,6.580448,0.501729,18,0.468750,orca
14.800000,0.788154,6.603196,0.501544,18,0.468750,orca
14.840000,0.787886,6.626237,0.501665,18,0.484375,orca
14.880000,0.787073,6.649569,0.501933,17,0.484375,orca
14.920000,0.785740,6.673176,0.501764,16,0.484375,orca
14.960000,0.783992,6.697033,0.501405,14,0.484375,orca
15.000000,0.781710,6.721105,0.501066,14,0.484375,orca
15.040000,0.779037,6.745351,0.500767,13,0.484375,orca
15.080000,0.775724,6.769691,0.500512,12,0.484375,orca
15.120000,0.772405,6.794122,0.500307,12,0.500000,orca
15.160000,0.769071,6.818671,0.500154,12,0.500000,orca
15.200000,0.765606,6.843287,0.500052,12,0.500000,orca
15.240000,0.762082,6.867515,0.500004,12,0.500000,orca
15.280000,0.758911,6.891593,0.500000,12,0.500000,orca
15.320000,0.756218,6.915803,0.500004,12,0.500000,orca
15.360000,0.753954,6.940129,0.500001,12,0.500000,orca
15.400000,0.751951,6.964480,0.500004,12,0.500000,orca
15.440000,0.749740,6.988750,0.500001,12,0.500000,orca
15.480000,0.747955,7.013156,0.500004,12,0.500000,orca
15.520000,0.746235,7.037700,0.500002,12,0.500000,orca
15.560000,0.744657,7.062388,0.500004,12,0.500000,orca
15.600000,0.743316,7.087219,0.500003,12,0.500000,orca
15.640000,0.742299,7.112195,0.500004,11,0.500000,orca
15.680000,0.741710,7.137310,0.500008,11,0.500000,orca
15.720000,0.741313,7.162488,0.500003,11,0.500000,orca
15.760000,0.741039,7.187720,0.500008,11,0.500000,orca
15.800000,0.740934,7.213052,0.500003,11,0.515625,orca
15.840000,0.741391,7.238590,0.500007,10,0.515625,orca
15.880000,0.742410,7.264414,0.500003,10,0.515625,orca
15.920000,0.746070,7.290428,0.500007,9,0.515625,orca
15.960000,0.751556,7.316530,0.500003,8,0.515625,orca
16.000000,0.757929,7.342567,0.500008,8,0.515625,orca
16.040000,0.764349,7.368442,0.500035,8,0.531250,orca
16.080000,0.770571,7.394484,0.500189,8,0.531250,orca
16.120000,0.776983,7.421008,0.500194,8,0.531250,orca
16.160000,0.783395,7.447980,0.500198,8,0.531250,orca
16.200000,0.789673,7.475326,0.500203,8,0.531250,orca
16.240000,0.794985,7.502782,0.500207,8,0.531250,orca
16.280000,0.799091,7.530233,0.500212,8,0.531250,orca
16.320000,0.802629,7.557647,0.500216,8,0.531250,orca
16.360000,0.805743,7.584953,0.500220,8,0.531250,orca
16.400000,0.808295,7.612186,0.500224,8,0.546875,orca
16.440000,0.810748,7.639097,0.500228,8,0.546875,orca
16.480000,0.812894,7.665529,0.500232,8,0.546875,orca
16.520000,0.814496,7.691849,0.500236,8,0.546875,orca
16.560000,0.815995,7.718144,0.500239,8,0.546875,orca
16.600000,0.817405,7.744543,0.500243,8,0.546875,orca
16.640000,0.818407,7.771168,0.500246,7,0.546875,orca
16.680000,0.818986,7.797983,0.500249,6,0.546875,orca
16.720000,0.819180,7.824999,0.500252,5,0.546875,orca
16.760000,0.818915,7.852222,0.500255,4,0.546875,orca
16.800000,0.818637,7.879659,0.500257,3,0.546875,orca
16.840000,0.818035,7.907314,0.500259,3,0.546875,orca
16.880000,0.817483,7.935186,0.500261,3,0.546875,orca
16.920000,0.816976,7.963272,0.500263,3,0.546875,orca
16.960000,0.816511,7.991567,0.500265,3,0.546875,orca
0.000000,0.697513,10.068854,0.804999,0,0.000000,orca_right
0.040000,0.751230,10.050841,0.802216,0,0.000000,orca_right
0.080000,0.802031,10.027538,0.797761,0,0.000000,orca_right
0.120000,0.850099,9.999306,0.791996,0,0.000000,orca_right
0.160000,0.895608,9.966549,0.785868,0,0.000000,orca_right
0.200000,0.938837,9.929636,0.779457,0,0.000000,orca_right
0.240000,1.032763,9.888922,0.772629,0,0.000000,orca_right
0.280000,1.119283,9.844740,0.765081,0,0.000000,orca_right
0.320000,1.198856,9.797369,0.756654,0,0.000000,orca_right
0.360000,1.272104,9.747067,0.747648,0,0.000000,orca_right
0.400000,1.339652,9.694041,0.737962,0,0.000000,orca_right
0.440000,1.401954,9.638515,0.724116,0,0.000000,orca_right
0.480000,1.459605,9.580639,0.709585,0,0.000000,orca_right
0.520000,1.513012,9.520618,0.694134,0,0.000000,orca_right
0.560000,1.562536,9.458609,0.682126,0,0.000000,orca_right
0.600000,1.608352,9.394716,0.669233,0,0.000000,orca_right
0.640000,1.650841,9.329117,0.655437,0,0.000000,orca_right
0.680000,1.689946,9.261928,0.641246,0,0.000000,orca_right
0.720000,1.726011,9.193274,0.626935,0,0.000000,orca_right
0.760000,1.759225,9.123286,0.612698,0,0.000000,orca_right
0.800000,1.789684,9.052070,0.598704,0,0.000000,orca_right
0.840000,1.817643,8.979688,0.585117,0,0.000000,orca_right
0.880000,1.843245,8.906302,0.572085,0,0.000000,orca_right
0.920000,1.866883,8.832009,0.559761,0,0.000000,orca_right
0.960000,1.888529,8.756897,0.548300,0,0.000000,orca_right
1.000000,1.908388,8.681035,0.537855,0,0.000000,orca_right
1.040000,1.926427,8.604481,0.528574,0,0.000000,orca_right
1.080000,1.942903,8.527288,0.524341,0,0.000000,orca_right
1.120000,1.958088,8.449407,0.524635,0,0.000000,orca_right
1.160000,1.971823,8.371014,0.525195,0,0.000000,orca_right
1.200000,1.984129,8.292126,0.526126,0,0.000000,orca_right
1.240000,1.995329,8.212809,0.519023,0,0.000000,orca_right
1.280000,2.005716,8.133129,0.509027,0,0.000000,orca_right
1.320000,2.015062,8.053081,0.502822,0,0.000000,orca_right
1.360000,2.023661,7.972802,0.500161,0,0.000000,orca_right
1.400000,2.031683,7.892354,0.500666,0,0.000000,orca_right
1.440000,2.039270,7.811695,0.500587,0,0.000000,orca_right
1.480000,2.046546,7.730773,0.503248,0,0.000000,orca_right
1.520000,2.053277,7.649608,0.501438,0,0.000000,orca_right
1.560000,2.059806,7.568247,0.500996,0,0.000000,orca_right
1.600000,2.066015,7.486617,0.501545,0,0.000000,orca_right
1.640000,2.071554,7.404733,0.502358,0,0.000000,orca_right
1.680000,2.075895,7.322627,0.502926,0,0.000000,orca_right
1.720000,2.079693,7.240353,0.503154,0,0.000000,orca_right
1.760000,2.082688,7.157947,0.503236,0,0.000000,orca_right
1.800000,2.084207,7.075522,0.505919,0,0.000000,orca_right
1.840000,2.084748,6.993103,0.509834,0,0.000000,orca_right
1.880000,2.084487,6.910884,0.515945,0,0.000000,orca_right
1.920000,2.083458,6.828682,0.524266,0,0.000000,orca_right
1.960000,2.081439,6.746623,0.534764,0,0.000000,orca_right
2.000000,2.078547,6.664912,0.545660,0,0.000000,orca_right
2.040000,2.074929,6.583393,0.557179,0,0.000000,orca_right
2.080000,2.070735,6.502005,0.548952,0,0.000000,orca_right
2.120000,2.066043,6.420797,0.540012,0,0.000000,orca_right
2.160000,2.061326,6.339867,0.531791,0,0.000000,orca_right
2.200000,2.056791,6.259274,0.524360,0,0.000000,orca_right
2.240000,2.051497,6.179021,0.517790,0,0.000000,orca_right
2.280000,2.045978,6.099198,0.512149,0,0.000000,orca_right
2.320000,2.040234,6.019593,0.507506,0,0.000000,orca_right
2.360000,2.034539,5.940208,0.503925,0,0.000000,orca_right
2.400000,2.028996,5.861131,0.501471,0,0.000000,orca_right
2.440000,2.023259,5.782593,0.500188,1,0.000000,orca_right
2.480000,2.017281,5.704310,0.500126,1,0.000000,orca_right
2.520000,2.010328,5.626358,0.500712,1,0.000000,orca_right
2.560000,2.002311,5.548701,0.501381,2,0.000000,orca_right
2.600000,1.993844,5.471427,0.501001,2,0.000000,orca_right
2.640000,1.985431,5.394592,0.500236,2,0.000000,orca_right
2.680000,1.976660,5.318378,0.500001,2,0.000000,orca_right
2.720000,1.967267,5.242837,0.500238,3,0.000000,orca_right
2.760000,1.957229,5.167974,0.500003,5,0.000000,orca_right
2.800000,1.946873,5.093673,0.499641,7,0.000000,orca_right
2.840000,1.936310,5.019920,0.500002,9,0.000000,orca_right
2.880000,1.926145,4.946636,0.500572,10,0.000000,orca_right
2.920000,1.916043,4.873973,0.500004,11,0.000000,orca_right
2.960000,1.906119,4.801966,0.500551,12,0.000000,orca_right
3.000000,1.895689,4.730598,0.500002,12,0.000000,orca_right
3.040000,1.885570,4.659918,0.500588,12,0.000000,orca_right
3.080000,1.875888,4.589834,0.500563,12,0.000000,orca_right
3.120000,1.867198,4.520599,0.501071,14,0.000000,orca_right
3.160000,1.859768,4.452248,0.502168,15,0.000000,orca_right
3.200000,1.853580,4.385009,0.504608,15,0.000000,orca_right
3.240000,1.848938,4.318588,0.509329,15,0.000000,orca_right
3.280000,1.845410,4.252861,0.496451,16,0.000000,orca_right
3.320000,1.842461,4.187833,0.498227,16,0.000000,orca_right
3.360000,1.839781,4.123488,0.493862,16,0.000000,orca_right
3.400000,1.837511,4.059998,0.507374,16,0.000000,orca_right
3.440000,1.835472,3.997370,0.503004,16,0.000000,orca_right
3.480000,1.833391,3.935699,0.498104,16,0.000000,orca_right
3.520000,1.830617,3.875329,0.497488,17,0.000000,orca_right
3.560000,1.826987,3.816522,0.498634,18,0.000000,orca_right
3.600000,1.822385,3.759651,0.501645,18,0.000000,orca_right
3.640000,1.816350,3.704895,0.502910,20,0.000000,orca_right
3.680000,1.809079,3.652277,0.504560,20,0.000000,orca_right
3.720000,1.800787,3.601831,0.506618,21,0.000000,orca_right
3.760000,1.791660,3.553608,0.503334,21,0.000000,orca_right
3.800000,1.781966,3.508151,0.499593,23,0.000000,orca_right
3.840000,1.771812,3.466691,0.500000,23,0.000000,orca_right
3.880000,1.761388,3.427873,0.500609,23,0.000000,orca_right
3.920000,1.751839,3.391166,0.500110,25,0.000000,orca_right
3.960000,1.743165,3.356435,0.500595,25,0.000000,orca_right
4.000000,1.735226,3.323556,0.501157,25,0.000000,orca_right
4.040000,1.728479,3.292440,0.501465,25,0.000000,orca_right
4.080000,1.722076,3.263017,0.498655,25,0.000000,orca_right
4.120000,1.716293,3.235354,0.501279,26,0.000000,orca_right
4.160000,1.711026,3.209497,0.497393,26,0.000000,orca_right
4.200000,1.706437,3.185554,0.496797,26,0.000000,orca_right
4.240000,1.702675,3.163515,0.497279,27,0.000000,orca_right
4.280000,1.700235,3.142930,0.498648,27,0.000000,orca_right
4.320000,1.697375,3.123339,0.500160,28,0.000000,orca_right
4.360000,1.694603,3.104889,0.500038,30,0.000000,orca_right
4.400000,1.694307,3.087648,0.498802,30,0.000000,orca_right
4.440000,1.695752,3.071516,0.496196,30,0.000000,orca_right
4.480000,1.697983,3.056855,0.496423,29,0.000000,orca_right
4.520000,1.700377,3.042906,0.499874,29,0.000000,orca_right
4.560000,1.703235,3.029794,0.494642,31,0.000000,orca_right
4.600000,1.708763,3.018397,0.499055,32,0.000000,orca_right
4.640000,1.715547,3.008533,0.499109,34,0.000000,orca_right
4.680000,1.721782,2.999527,0.498971,33,0.000000,orca_right
4.720000,1.728267,2.991784,0.496523,32,0.000000,orca_right
4.760000,1.734971,2.984677,0.496155,32,0.000000,orca_right
4.800000,1.740032,2.979248,0.497824,31,0.000000,orca_right
4.840000,1.744060,2.975205,0.492698,30,0.000000,orca_right
4.880000,1.749010,2.972236,0.496920,28,0.000000,orca_right
4.920000,1.754301,2.970209,0.495116,29,0.000000,orca_right
4.960000,1.760399,2.969099,0.494803,27,0.000000,orca_right
5.000000,1.765499,2.968814,0.495348,28,0.000000,orca_right
5.040000,1.769469,2.969608,0.495377,28,0.000000,orca_right
5.080000,1.775203,2.971386,0.493640,28,0.000000,orca_right
5.120000,1.784961,2.974530,0.497557,28,0.000000,orca_right
5.160000,1.794828,2.978569,0.498169,29,0.000000,orca_right
5.200000,1.804152,2.983287,0.497656,30,0.000000,orca_right
5.240000,1.812351,2.989129,0.492632,31,0.000000,orca_right
5.280000,1.819632,2.996104,0.493314,31,0.000000,orca_right
5.320000,1.828032,3.004593,0.497044,32,0.000000,orca_right
5.360000,1.835252,3.013635,0.496248,30,0.000000,orca_right
5.400000,1.840022,3.023440,0.494785,30,0.000000,orca_right
5.440000,1.845183,3.034222,0.495808,32,0.000000,orca_right
5.480000,1.848288,3.045989,0.495688,32,0.000000,orca_right
5.520000,1.847052,3.058936,0.491317,32,0.000000,orca_right
5.560000,1.844554,3.072558,0.496321,32,0.000000,orca_right
5.600000,1.841760,3.086941,0.496398,33,0.000000,orca_right
5.640000,1.840314,3.102178,0.496345,34,0.000000,orca_right
5.680000,1.838852,3.118165,0.496193,33,0.000000,orca_right
5.720000,1.837607,3.134541,0.496039,33,0.000000,orca_right
5.760000,1.836313,3.151503,0.495921,35,0.000000,orca_right
5.800000,1.836279,3.169047,0.494343,34,0.000000,orca_right
5.840000,1.835370,3.187522,0.492503,34,0.000000,orca_right
5.880000,1.833277,3.206658,0.494321,34,0.000000,orca_right
5.920000,1.829550,3.226961,0.484505,34,0.000000,orca_right
5.960000,1.825985,3.248210,0.494770,35,0.000000,orca_right
6.000000,1.823590,3.270323,0.494876,36,0.000000,orca_right
6.040000,1.822567,3.293014,0.491388,36,0.000000,orca_right
6.080000,1.823187,3.316340,0.493810,36,0.000000,orca_right
6.120000,1.824848,3.340282,0.495849,35,0.000000,orca_right
6.160000,1.827822,3.365031,0.495473,35,0.000000,orca_right
6.200000,1.830064,3.390680,0.494946,35,0.000000,orca_right
6.240000,1.832418,3.416923,0.494510,36,0.000000,orca_right
6.280000,1.835954,3.443713,0.494133,34,0.000000,orca_right
6.320000,1.840208,3.470885,0.493708,34,0.000000,orca_right
6.360000,1.843836,3.498637,0.492932,35,0.000000,orca_right
6.400000,1.845964,3.527072,0.488270,35,0.000000,orca_right
6.440000,1.846416,3.556493,0.489345,35,0.000000,orca_right
6.480000,1.845174,3.586822,0.490944,34,0.000000,orca_right
6.520000,1.841928,3.618123,0.494835,33,0.000000,orca_right
6.560000,1.837760,3.650261,0.497334,33,0.000000,orca_right
6.600000,1.833199,3.683242,0.498432,33,0.000000,orca_right
6.640000,1.827765,3.717014,0.497958,33,0.000000,orca_right
6.680000,1.821124,3.751571,0.498300,32,0.000000,orca_right
6.720000,1.813230,3.786105,0.497769,32,0.000000,orca_right
6.760000,1.804366,3.820709,0.494795,31,0.000000,orca_right
6.800000,1.794792,3.855819,0.494492,31,0.000000,orca_right
6.840000,1.784466,3.891197,0.496876,31,0.000000,orca_right
6.880000,1.771837,3.926941,0.500087,31,0.000000,orca_right
6.920000,1.755695,3.962922,0.501990,31,0.015625,orca_right
6.960000,1.735703,3.998845,0.503597,31,0.015625,orca_right
7.000000,1.713484,4.034862,0.504892,32,0.031250,orca_right
7.040000,1.689672,4.070864,0.490872,32,0.031250,orca_right
7.080000,1.663940,4.106141,0.490083,31,0.046875,orca_right
7.120000,1.637734,4.140636,0.495070,32,0.046875,orca_right
7.160000,1.610910,4.174327,0.499125,32,0.062500,orca_right
7.200000,1.584238,4.207530,0.497694,32,0.078125,orca_right
7.240000,1.557982,4.240245,0.497016,32,0.078125,orca_right
7.280000,1.534455,4.272724,0.496103,32,0.078125,orca_right
7.320000,1.514743,4.304220,0.497895,32,0.093750,orca_right
7.360000,1.498198,4.334956,0.500668,32,0.125000,orca_right
7.400000,1.483722,4.365230,0.500344,32,0.171875,orca_right
7.440000,1.471093,4.395093,0.500441,32,0.171875,orca_right
7.480000,1.460120,4.424869,0.498796,32,0.171875,orca_right
7.520000,1.449981,4.454479,0.503237,32,0.171875,orca_right
7.560000,1.440212,4.483715,0.502515,32,0.187500,orca_right
7.600000,1.430481,4.512542,0.501700,31,0.187500,orca_right
7.640000,1.420769,4.541090,0.500685,31,0.203125,orca_right
7.680000,1.410998,4.569487,0.501013,31,0.203125,orca_right
7.720000,1.401039,4.597612,0.501030,31,0.203125,orca_right
7.760000,1.390681,4.625432,0.501147,31,0.203125,orca_right
7.800000,1.380373,4.652917,0.500211,30,0.218750,orca_right
7.840000,1.370581,4.680398,0.500448,30,0.218750,orca_right
7.880000,1.361043,4.707962,0.501113,30,0.218750,orca_right
7.920000,1.352389,4.735628,0.500776,30,0.218750,orca_right
7.960000,1.344278,4.763211,0.500495,30,0.218750,orca_right
8.000000,1.337186,4.791079,0.500267,29,0.234375,orca_right
8.040000,1.331156,4.819316,0.500065,29,0.234375,orca_right
8.080000,1.326008,4.847929,0.503479,29,0.234375,orca_right
8.120000,1.321623,4.876819,0.502817,28,0.234375,orca_right
8.160000,1.318362,4.905733,0.499647,28,0.234375,orca_right
8.200000,1.315792,4.935014,0.501825,26,0.234375,orca_right
8.240000,1.314102,4.964563,0.501267,26,0.234375,orca_right
8.280000,1.313076,4.994486,0.500065,26,0.234375,orca_right
8.320000,1.312117,5.024886,0.499825,27,0.234375,orca_right
8.360000,1.309859,5.055767,0.499407,27,0.234375,orca_right
8.400000,1.307052,5.087024,0.499548,27,0.234375,orca_right
8.440000,1.304197,5.118635,0.499750,28,0.234375,orca_right
8.480000,1.302243,5.150553,0.499866,27,0.234375,orca_right
8.520000,1.300622,5.182654,0.499904,27,0.234375,orca_right
8.560000,1.297956,5.214878,0.499905,27,0.234375,orca_right
8.600000,1.295232,5.246913,0.500114,27,0.234375,orca_right
8.640000,1.291897,5.278483,0.500198,27,0.250000,orca_right
8.680000,1.288359,5.309497,0.500414,27,0.250000,orca_right
8.720000,1.285304,5.339903,0.502899,27,0.250000,orca_right
8.760000,1.282992,5.370045,0.501108,27,0.250000,orca_right
8.800000,1.280745,5.400229,0.500032,26,0.250000,orca_right
8.840000,1.278617,5.430523,0.500450,25,0.281250,orca_right
8.880000,1.276493,5.461107,0.500626,24,0.281250,orca_right
8.920000,1.274267,5.492253,0.500908,24,0.281250,orca_right
8.960000,1.272645,5.523927,0.501118,24,0.296875,orca_right
9.000000,1.270803,5.556082,0.500115,23,0.296875,orca_right
9.040000,1.269029,5.588701,0.501309,23,0.296875,orca_right
9.080000,1.267785,5.621749,0.500460,23,0.296875,orca_right
9.120000,1.266866,5.655145,0.501440,22,0.296875,orca_right
9.160000,1.266481,5.688845,0.500401,21,0.296875,orca_right
9.200000,1.266038,5.722587,0.501664,20,0.296875,orca_right
9.240000,1.265514,5.756228,0.500168,19,0.296875,orca_right
9.280000,1.264019,5.789734,0.500583,19,0.296875,orca_right
9.320000,1.260987,5.823103,0.500150,19,0.296875,orca_right
9.360000,1.257128,5.856491,0.500239,19,0.328125,orca_right
9.400000,1.252674,5.890065,0.502182,19,0.328125,orca_right
9.440000,1.247531,5.923834,0.504476,19,0.328125,orca_right
9.480000,1.241204,5.957404,0.506368,18,0.328125,orca_right
9.520000,1.233424,5.991024,0.503969,18,0.328125,orca_right
9.560000,1.224968,6.024525,0.504609,18,0.328125,orca_right
9.600000,1.216536,6.057886,0.501371,18,0.328125,orca_right
9.640000,1.207998,6.091229,0.502965,17,0.328125,orca_right
9.680000,1.199697,6.124391,0.500512,17,0.343750,orca_right
9.720000,1.192484,6.157837,0.500285,17,0.359375,orca_right
9.760000,1.186010,6.191525,0.500884,16,0.375000,orca_right
9.800000,1.180415,6.225396,0.500272,16,0.375000,orca_right
9.840000,1.175619,6.259455,0.500889,16,0.375000,orca_right
9.880000,1.171568,6.293684,0.500303,16,0.375000,orca_right
9.920000,1.167914,6.328070,0.500940,16,0.375000,orca_right
9.960000,1.164119,6.362659,0.500386,15,0.375000,orca_right
10.000000,1.160357,6.397363,0.502529,14,0.375000,orca_right
10.040000,1.156802,6.431987,0.505077,13,0.375000,orca_right
10.080000,1.153072,6.466696,0.506817,13,0.375000,orca_right
10.120000,1.149184,6.501546,0.505584,12,0.375000,orca_right
10.160000,1.144960,6.536561,0.502573,12,0.375000,orca_right
10.200000,1.140509,6.571727,0.500757,12,0.375000,orca_right
10.240000,1.135937,6.607631,0.500018,12,0.375000,orca_right
10.280000,1.131077,6.645003,0.500366,10,0.375000,orca_right
10.320000,1.125853,6.682536,0.500065,10,0.375000,orca_right
10.360000,1.120188,6.720076,0.500442,10,0.375000,orca_right
10.400000,1.113603,6.757571,0.500151,9,0.375000,orca_right
10.440000,1.106875,6.795004,0.500554,9,0.390625,orca_right
10.480000,1.100363,6.832322,0.500277,9,0.390625,orca_right
10.520000,1.094146,6.869443,0.500421,9,0.390625,orca_right
10.560000,1.088035,6.906389,0.500408,9,0.390625,orca_right
10.600000,1.081541,6.943123,0.500907,8,0.390625,orca_right
10.640000,1.075313,6.979824,0.500598,8,0.406250,orca_right
10.680000,1.069310,7.016506,0.501142,8,0.406250,orca_right
10.720000,1.063257,7.053173,0.500899,8,0.406250,orca_right
10.760000,1.057657,7.089726,0.500110,8,0.406250,orca_right
10.800000,1.054859,7.125973,0.501988,8,0.406250,orca_right
10.840000,1.054753,7.161982,0.500966,8,0.406250,orca_right
10.880000,1.055844,7.197933,0.505358,8,0.406250,orca_right
10.920000,1.057099,7.234019,0.507761,8,0.421875,orca_right
10.960000,1.058436,7.270266,0.533495,8,0.421875,orca_right
11.000000,1.060204,7.306436,0.555377,7,0.421875,orca_right
11.040000,1.061462,7.342322,0.582620,6,0.421875,orca_right
11.080000,1.062462,7.378004,0.614502,4,0.421875,orca_right
11.120000,1.062696,7.413564,0.650337,4,0.421875,orca_right
11.160000,1.061888,7.449026,0.689505,4,0.421875,orca_right
11.200000,1.059532,7.484423,0.712565,4,0.421875,orca_right
11.240000,1.056437,7.519768,0.677079,4,0.437500,orca_right
11.280000,1.052627,7.555087,0.634121,4,0.437500,orca_right
11.320000,1.048723,7.590391,0.595504,4,0.437500,orca_right
11.360000,1.044780,7.625694,0.562113,4,0.437500,orca_right
11.400000,1.040254,7.661028,0.534936,4,0.437500,orca_right
11.440000,1.035276,7.696363,0.514985,4,0.437500,orca_right
11.480000,1.030349,7.731703,0.503189,4,0.437500,orca_right
11.520000,1.026354,7.766968,0.500100,4,0.437500,orca_right
11.560000,1.022651,7.802090,0.503000,4,0.437500,orca_right
11.600000,1.019112,7.836932,0.500160,4,0.437500,orca_right
11.640000,1.015213,7.871548,0.502502,4,0.453125,orca_right
11.680000,1.011001,7.906161,0.501711,4,0.453125,orca_right
11.720000,1.006838,7.940712,0.500079,2,0.468750,orca_right
11.760000,1.002196,7.975178,0.501761,2,0.468750,orca_right
11.800000,0.996931,8.009471,0.500216,1,0.468750,orca_right
11.840000,0.991697,8.043491,0.502008,1,0.468750,orca_right
11.880000,0.985700,8.077117,0.505000,1,0.468750,orca_right
11.920000,0.979498,8.110416,0.509768,1,0.468750,orca_right
11.960000,0.973412,8.143281,0.514714,1,0.468750,orca_right
12.000000,0.966964,8.175826,0.528832,1,0.468750,orca_right
12.040000,0.960427,8.208085,0.533535,1,0.500000,orca_right
12.080000,0.953544,8.239912,0.531543,1,0.500000,orca_right
12.120000,0.945537,8.271319,0.531366,1,0.500000,orca_right
12.160000,0.936917,8.302221,0.533011,1,0.515625,orca_right
12.200000,0.927546,8.332752,0.536464,1,0.531250,orca_right
12.240000,0.917385,8.362893,0.533558,1,0.531250,orca_right
12.280000,0.906683,8.392704,0.512261,1,0.531250,orca_right
12.320000,0.895804,8.422235,0.505751,1,0.531250,orca_right
12.360000,0.884369,8.451585,0.513733,1,0.531250,orca_right
12.400000,0.871923,8.480661,0.534012,1,0.531250,orca_right
12.440000,0.858269,8.509438,0.551454,1,0.531250,orca_right
12.480000,0.843740,8.537824,0.555829,1,0.546875,orca_right
12.520000,0.829223,8.565712,0.560734,1,0.562500,orca_right
12.560000,0.815044,8.593219,0.566155,1,0.578125,orca_right
12.600000,0.801435,8.620333,0.572077,1,0.593750,orca_right
12.640000,0.788394,8.647055,0.578486,1,0.593750,orca_right
12.680000,0.775376,8.673425,0.585364,1,0.609375,orca_right
12.720000,0.761714,8.699476,0.592696,1,0.625000,orca_right
12.760000,0.747950,8.725248,0.600465,1,0.625000,orca_right
12.800000,0.734297,8.750775,0.608655,1,0.625000,orca_right
12.840000,0.720915,8.776081,0.617249,1,0.625000,orca_right
12.880000,0.707635,8.801128,0.626231,1,0.625000,orca_right
12.920000,0.693525,8.825833,0.635586,1,0.625000,orca_right
12.960000,0.684024,8.850182,0.645297,1,0.640625,orca_right
13.000000,0.675995,8.874239,0.655349,1,0.640625,orca_right
13.040000,0.667834,8.897790,0.665728,1,0.656250,orca_right
13.080000,0.659562,8.920742,0.676420,1,0.656250,orca_right
13.120000,0.651436,8.942344,0.669863,1,0.656250,orca_right
13.160000,0.643273,8.963691,0.646974,1,0.671875,orca_right
13.200000,0.634881,8.984824,0.625273,1,0.687500,orca_right
13.240000,0.625760,9.005763,0.604876,1,0.687500,orca_right
13.280000,0.615685,9.026531,0.585902,1,0.687500,orca_right
13.320000,0.603480,9.047150,0.568483,1,0.687500,orca_right
13.360000,0.591693,9.067617,0.552750,1,0.687500,orca_right
13.400000,0.580259,9.087844,0.538838,1,0.687500,orca_right
13.440000,0.568934,9.107826,0.526878,1,0.687500,orca_right
13.480000,0.557978,9.127482,0.516992,1,0.687500,orca_right
13.520000,0.547339,9.146842,0.509291,1,0.718750,orca_right
13.560000,0.537088,9.165934,0.503862,1,0.718750,orca_right
13.600000,0.527435,9.184736,0.505531,1,0.718750,orca_right
13.640000,0.518490,9.203435,0.507181,1,0.718750,orca_right
13.680000,0.510462,9.221930,0.512918,1,0.718750,orca_right
13.720000,0.503254,9.240248,0.521193,1,0.718750,orca_right
13.760000,0.496800,9.258387,0.513404,1,0.718750,orca_right
13.800000,0.490933,9.276343,0.507330,1,0.718750,orca_right
13.840000,0.486117,9.294101,0.503043,1,0.718750,orca_right
13.880000,0.481669,9.311713,0.500600,1,0.718750,orca_right
13.920000,0.477578,9.329234,0.500040,1,0.718750,orca_right
13.960000,0.473458,9.346668,0.500615,0,0.718750,orca_right
14.000000,0.469291,9.364028,0.500050,0,0.718750,orca_right
14.040000,0.464749,9.381323,0.500612,0,0.718750,orca_right
14.080000,0.459845,9.398483,0.500030,0,0.718750,orca_right
14.120000,0.454559,9.415514,0.501420,0,0.718750,orca_right
14.160000,0.448760,9.432325,0.500337,0,0.734375,orca_right
14.200000,0.442491,9.448931,0.502473,0,0.734375,orca_right
14.240000,0.435794,9.465302,0.503356,0,0.734375,orca_right
14.280000,0.428775,9.481418,0.503799,0,0.750000,orca_right
14.320000,0.421637,9.497246,0.504968,0,0.765625,orca_right
14.360000,0.414341,9.512748,0.506859,0,0.781250,orca_right
14.400000,0.407049,9.527971,0.509462,0,0.781250,orca_right
14.440000,0.399748,9.542947,0.512767,0,0.781250,orca_right
14.480000,0.392602,9.557694,0.516760,0,0.781250,orca_right
14.520000,0.385755,9.572230,0.521425,0,0.781250,orca_right
14.560000,0.379318,9.586490,0.526744,0,0.796875,orca_right
14.600000,0.373254,9.600501,0.532697,0,0.796875,orca_right
14.640000,0.367536,9.614287,0.539259,0,0.796875,orca_right
14.680000,0.362150,9.627872,0.546406,0,0.796875,orca_right
14.720000,0.357089,9.641274,0.554116,0,0.796875,orca_right
14.760000,0.352310,9.654493,0.551878,0,0.796875,orca_right
14.800000,0.347787,9.667566,0.548311,0,0.796875,orca_right
14.840000,0.343505,9.680504,0.545357,0,0.796875,orca_right
14.880000,0.339448,9.693321,0.542447,0,0.796875,orca_right
14.920000,0.335593,9.706029,0.539695,0,0.796875,orca_right
14.960000,0.331646,9.718557,0.537183,0,0.812500,orca_right
15.000000,0.327328,9.730921,0.534887,0,0.812500,orca_right
15.040000,0.322469,9.743134,0.532789,0,0.812500,orca_right
15.080000,0.316774,9.755210,0.530869,0,0.812500,orca_right
15.120000,0.310353,9.767163,0.529112,0,0.812500,orca_right
15.160000,0.303459,9.778860,0.527502,0,0.812500,orca_right
15.200000,0.296130,9.790242,0.526025,0,0.812500,orca_right
15.240000,0.288431,9.801280,0.524665,0,0.828125,orca_right
15.280000,0.279995,9.811884,0.523418,0,0.843750,orca_right
15.320000,0.270778,9.822110,0.522276,0,0.859375,orca_right
15.360000,0.261071,9.831980,0.521228,0,0.875000,orca_right
15.400000,0.251246,9.841514,0.520266,0,0.875000,orca_right
15.440000,0.241517,9.850760,0.519383,0,0.875000,orca_right
15.480000,0.231935,9.859589,0.518573,0,0.890625,orca_right
15.520000,0.223570,9.867977,0.517828,0,0.890625,orca_right
15.560000,0.216504,9.875997,0.517145,0,0.906250,orca_right
15.600000,0.209593,9.883684,0.516516,0,0.906250,orca_right
15.640000,0.202784,9.891087,0.516153,0,0.906250,orca_right
15.680000,0.196610,9.898331,0.516992,0,0.906250,orca_right
15.720000,0.190951,9.905575,0.509148,0,0.906250,orca_right
15.760000,0.185645,9.912550,0.503574,0,0.921875,orca_right
15.800000,0.180628,9.919242,0.500780,0,0.921875,orca_right
15.840000,0.175881,9.925682,0.500472,0,0.921875,orca_right
15.880000,0.171001,9.931911,0.501700,0,0.937500,orca_right
15.920000,0.165035,9.937824,0.503119,0,0.953125,orca_right
15.960000,0.159213,9.943365,0.504451,0,0.953125,orca_right
16.000000,0.153709,9.948534,0.505721,0,0.953125,orca_right
16.040000,0.148452,9.953360,0.507033,0,0.953125,orca_right
16.080000,0.143053,9.957811,0.508557,0,0.953125,orca_right
16.120000,0.137440,9.961972,0.515574,0,0.953125,orca_right
16.160000,0.131724,9.965892,0.529679,0,0.953125,orca_right
16.200000,0.125860,9.969629,0.550856,0,0.953125,orca_right
16.240000,0.119786,9.973216,0.577910,0,0.953125,orca_right
16.280000,0.113634,9.976655,0.607370,0,0.953125,orca_right
16.320000,0.107583,9.979886,0.637599,0,0.968750,orca_right
16.360000,0.101664,9.982929,0.667519,0,0.968750,orca_right
16.400000,0.095715,9.985792,0.696462,0,0.968750,orca_right
16.440000,0.089764,9.988502,0.720633,0,0.968750,orca_right
16.480000,0.084025,9.991075,0.724737,0,0.968750,orca_right
16.520000,0.078490,9.993523,0.730181,0,0.984375,orca_right
16.560000,0.073024,9.995837,0.736515,0,0.984375,orca_right
16.600000,0.068117,9.997981,0.743392,0,0.984375,orca_right
16.640000,0.064104,9.999970,0.750543,0,0.984375,orca_right
16.680000,0.060500,10.001822,0.757771,0,0.984375,orca_right
16.720000,0.057234,10.003542,0.764928,0,0.984375,orca_right
16.760000,0.054298,10.005032,0.771907,0,0.984375,orca_right
16.800000,0.052848,10.006000,0.778636,0,0.984375,orca_right
16.840000,0.051721,10.006913,0.785063,0,0.984375,orca_right
16.880000,0.050985,10.007800,0.791160,0,0.984375,orca_right
16.920000,0.050836,10.008664,0.796909,0,0.984375,orca_right
16.960000,0.051041,10.009508,0.802304,0,0.984375,orca_right
0.000000,0.695569,10.068854,0.804999,0,0.000000,radius_030
0.040000,0.749042,10.050840,0.802216,0,0.000000,radius_030
0.080000,0.799692,10.027575,0.797917,0,0.000000,radius_030
0.120000,0.847781,9.999440,0.793227,0,0.000000,radius_030
0.160000,0.893328,9.966799,0.788142,0,0.000000,radius_030
0.200000,0.936381,9.930024,0.782949,0,0.000000,radius_030
0.240000,1.030018,9.889447,0.777363,0,0.000000,radius_030
0.280000,1.116336,9.845391,0.773234,0,0.000000,radius_030
0.320000,1.195883,9.798093,0.768310,0,0.000000,radius_030
0.360000,1.269116,9.747859,0.762720,0,0.000000,radius_030
0.400000,1.336648,9.694980,0.754907,0,0.000000,radius_030
0.440000,1.398897,9.639562,0.743651,0,0.000000,radius_030
0.480000,1.456321,9.581803,0.732169,0,0.000000,radius_030
0.520000,1.509146,9.521901,0.720459,0,0.000000,radius_030
0.560000,1.557933,9.460014,0.712550,0,0.000000,radius_030
0.600000,1.603095,9.396259,0.703708,0,0.000000,radius_030
0.640000,1.644732,9.330806,0.694119,0,0.000000,radius_030
0.680000,1.683040,9.263820,0.684313,0,0.000000,radius_030
0.720000,1.718334,9.195449,0.674542,0,0.000000,radius_030
0.760000,1.750794,9.125787,0.664972,0,0.000000,radius_030
0.800000,1.780531,9.054941,0.655744,0,0.000000,radius_030
0.840000,1.807746,8.982983,0.646980,0,0.000000,radius_030
0.880000,1.832672,8.910009,0.638785,0,0.000000,radius_030
0.920000,1.855944,8.836110,0.631259,0,0.000000,radius_030
0.960000,1.877246,8.761397,0.624496,0,0.000000,radius_030
1.000000,1.896760,8.685938,0.618577,0,0.000000,radius_030
1.040000,1.914401,8.609798,0.613572,0,0.000000,radius_030
1.080000,1.930349,8.533049,0.613529,0,0.000000,radius_030
1.120000,1.944882,8.455590,0.613362,0,0.000000,radius_030
1.160000,1.957905,8.377645,0.612314,0,0.000000,radius_030
1.200000,1.969554,8.299252,0.611491,0,0.000000,radius_030
1.240000,1.980114,8.220475,0.606967,0,0.000000,radius_030
1.280000,1.989763,8.141359,0.602158,0,0.000000,radius_030
1.320000,1.997906,8.061892,0.600091,0,0.000000,radius_030
1.360000,2.004843,7.982212,0.600685,0,0.000000,radius_030
1.400000,2.010882,7.902345,0.600809,0,0.000000,radius_030
1.440000,2.016194,7.822245,0.601463,0,0.000000,radius_030
1.480000,2.021010,7.741933,0.600616,0,0.000000,radius_030
1.520000,2.025115,7.661525,0.600049,0,0.000000,radius_030
1.560000,2.028852,7.581114,0.600641,0,0.000000,radius_030
1.600000,2.032027,7.500643,0.600469,0,0.000000,radius_030
1.640000,2.034562,7.420111,0.600889,0,0.000000,radius_030
1.680000,2.036516,7.339459,0.601547,0,0.000000,radius_030
1.720000,2.038177,7.258753,0.602126,0,0.000000,radius_030
1.760000,2.039438,7.177998,0.602467,0,0.000000,radius_030
1.800000,2.039799,7.097284,0.602597,0,0.000000,radius_030
1.840000,2.039094,7.016592,0.602628,0,0.000000,radius_030
1.880000,2.037414,6.935897,0.602450,0,0.000000,radius_030
1.920000,2.034701,6.855237,0.602146,0,0.000000,radius_030
1.960000,2.031213,6.774756,0.602192,0,0.000000,radius_030
2.000000,2.027017,6.694583,0.603345,0,0.000000,radius_030
2.040000,2.021978,6.614776,0.604387,0,0.000000,radius_030
2.080000,2.015950,6.535254,0.604898,0,0.000000,radius_030
2.120000,2.008692,6.456109,0.605790,0,0.000000,radius_030
2.160000,2.000894,6.377206,0.605797,0,0.000000,radius_030
2.200000,1.993053,6.298634,0.608459,0,0.000000,radius_030
2.240000,1.985290,6.220410,0.602024,0,0.000000,radius_030
2.280000,1.976902,6.142563,0.597808,0,0.000000,radius_030
2.320000,1.968129,6.065235,0.597092,0,0.000000,radius_030
2.360000,1.958603,5.988296,0.600718,0,0.000000,radius_030
2.400000,1.948351,5.911674,0.600039,0,0.000000,radius_030
2.440000,1.937737,5.835425,0.600211,0,0.000000,radius_030
2.480000,1.926279,5.759736,0.600526,1,0.000000,radius_030
2.520000,1.914744,5.684585,0.600858,1,0.000000,radius_030
2.560000,1.902681,5.610020,0.600392,2,0.000000,radius_030
2.600000,1.890074,5.536113,0.599644,2,0.000000,radius_030
2.640000,1.877102,5.462720,0.600025,2,0.000000,radius_030
2.680000,1.864511,5.390119,0.600005,2,0.000000,radius_030
2.720000,1.852023,5.318175,0.600002,2,0.000000,radius_030
2.760000,1.839354,5.246913,0.600000,3,0.000000,radius_030
2.800000,1.826783,5.176273,0.600001,5,0.000000,radius_030
2.840000,1.813953,5.106207,0.600001,5,0.000000,radius_030
2.880000,1.801223,5.036614,0.600006,8,0.000000,radius_030
2.920000,1.788630,4.967634,0.600057,10,0.000000,radius_030
2.960000,1.776302,4.899428,0.600126,11,0.000000,radius_030
3.000000,1.764502,4.831939,0.600181,11,0.000000,radius_030
3.040000,1.752932,4.765243,0.600228,11,0.000000,radius_030
3.080000,1.741307,4.699378,0.599910,11,0.000000,radius_030
3.120000,1.729808,4.634246,0.599410,11,0.000000,radius_030
3.160000,1.718963,4.569815,0.596356,11,0.000000,radius_030
3.200000,1.708901,4.505950,0.595340,11,0.000000,radius_030
3.240000,1.699711,4.442756,0.595502,13,0.000000,radius_030
3.280000,1.691430,4.380284,0.596045,14,0.000000,radius_030
3.320000,1.683882,4.318618,0.596542,14,0.000000,radius_030
3.360000,1.676988,4.257767,0.596801,14,0.000000,radius_030
3.400000,1.670361,4.197655,0.596999,14,0.000000,radius_030
3.440000,1.664049,4.138319,0.597360,14,0.000000,radius_030
3.480000,1.657875,4.079881,0.598019,14,0.000000,radius_030
3.520000,1.652054,4.022443,0.597908,14,0.000000,radius_030
3.560000,1.645953,3.966270,0.596674,15,0.000000,radius_030
3.600000,1.639631,3.912040,0.593818,17,0.000000,radius_030
3.640000,1.632865,3.860006,0.598553,17,0.000000,radius_030
3.680000,1.625864,3.809689,0.598655,17,0.000000,radius_030
3.720000,1.618752,3.760870,0.594431,17,0.000000,radius_030
3.760000,1.611227,3.713704,0.598181,18,0.000000,radius_030
3.800000,1.602918,3.669097,0.598121,19,0.000000,radius_030
3.840000,1.594115,3.628061,0.595768,19,0.000000,radius_030
3.880000,1.584861,3.588994,0.594968,21,0.000000,radius_030
3.920000,1.575434,3.551789,0.592107,22,0.000000,radius_030
3.960000,1.565673,3.516371,0.588905,22,0.000000,radius_030
4.000000,1.556556,3.482440,0.597386,22,0.000000,radius_030
4.040000,1.549171,3.449945,0.589518,22,0.000000,radius_030
4.080000,1.543061,3.419030,0.580035,23,0.000000,radius_030
4.120000,1.537641,3.390407,0.587006,23,0.000000,radius_030
4.160000,1.532990,3.364622,0.580467,23,0.000000,radius_030
4.200000,1.528131,3.340312,0.579489,23,0.000000,radius_030
4.240000,1.523476,3.317471,0.587221,23,0.000000,radius_030
4.280000,1.517410,3.296007,0.589629,24,0.000000,radius_030
4.320000,1.509544,3.275937,0.590315,25,0.000000,radius_030
4.360000,1.503664,3.257204,0.590257,26,0.000000,radius_030
4.400000,1.498045,3.239322,0.584603,27,0.000000,radius_030
4.440000,1.491411,3.222294,0.586099,28,0.000000,radius_030
4.480000,1.485471,3.205904,0.590634,28,0.000000,radius_030
4.520000,1.479858,3.189922,0.592667,28,0.000000,radius_030
4.560000,1.473607,3.175730,0.594243,28,0.000000,radius_030
4.600000,1.466790,3.162920,0.594470,30,0.000000,radius_030
4.640000,1.458822,3.151274,0.593298,28,0.000000,radius_030
4.680000,1.452126,3.140767,0.594279,27,0.000000,radius_030
4.720000,1.446935,3.131433,0.597087,28,0.000000,radius_030
4.760000,1.441985,3.122921,0.595196,29,0.000000,radius_030
4.800000,1.434862,3.114989,0.589512,29,0.000000,radius_030
4.840000,1.428023,3.107025,0.587381,29,0.000000,radius_030
4.880000,1.419720,3.099757,0.586871,29,0.000000,radius_030
4.920000,1.410532,3.093772,0.585312,29,0.000000,radius_030
4.960000,1.401427,3.089515,0.586096,31,0.000000,radius_030
5.000000,1.393651,3.085637,0.587122,31,0.000000,radius_030
5.040000,1.386332,3.082894,0.588849,32,0.000000,radius_030
5.080000,1.378971,3.081476,0.590246,31,0.000000,radius_030
5.120000,1.371974,3.081009,0.590357,31,0.000000,radius_030
5.160000,1.362714,3.081313,0.591974,30,0.000000,radius_030
5.200000,1.354429,3.082360,0.592985,28,0.000000,radius_030
5.240000,1.346107,3.084155,0.592052,28,0.000000,radius_030
5.280000,1.335742,3.086611,0.591375,28,0.000000,radius_030
5.320000,1.324263,3.089830,0.590801,28,0.000000,radius_030
5.360000,1.312993,3.093756,0.590219,30,0.000000,radius_030
5.400000,1.302072,3.098193,0.581252,30,0.000000,radius_030
5.440000,1.292580,3.103816,0.576833,30,0.000000,radius_030
5.480000,1.283787,3.109620,0.573192,31,0.000000,radius_030
5.520000,1.275836,3.115397,0.577590,31,0.000000,radius_030
5.560000,1.268080,3.121610,0.577625,31,0.000000,radius_030
5.600000,1.261352,3.128096,0.579747,31,0.000000,radius_030
5.640000,1.253962,3.134655,0.577880,31,0.000000,radius_030
5.680000,1.247919,3.141171,0.574350,31,0.000000,radius_030
5.720000,1.242367,3.148312,0.580197,31,0.000000,radius_030
5.760000,1.237064,3.155675,0.586986,32,0.000000,radius_030
5.800000,1.233234,3.163304,0.588336,32,0.000000,radius_030
5.840000,1.229292,3.171434,0.589436,32,0.000000,radius_030
5.880000,1.224804,3.180101,0.590143,32,0.000000,radius_030
5.920000,1.220207,3.189465,0.590490,32,0.000000,radius_030
5.960000,1.216531,3.199555,0.590817,33,0.000000,radius_030
6.000000,1.212718,3.210416,0.591603,33,0.000000,radius_030
6.040000,1.208913,3.221558,0.592360,33,0.000000,radius_030
6.080000,1.205924,3.233113,0.592881,33,0.000000,radius_030
6.120000,1.203693,3.245342,0.593431,33,0.000000,radius_030
6.160000,1.202990,3.257910,0.594069,33,0.000000,radius_030
6.200000,1.202215,3.270750,0.593618,33,0.000000,radius_030
6.240000,1.201055,3.283821,0.594802,33,0.000000,radius_030
6.280000,1.200062,3.297318,0.596456,34,0.000000,radius_030
6.320000,1.199429,3.311610,0.597349,34,0.000000,radius_030
6.360000,1.198564,3.326057,0.597199,35,0.000000,radius_030
6.400000,1.198829,3.340872,0.597702,35,0.000000,radius_030
6.440000,1.200096,3.355748,0.598258,35,0.000000,radius_030
6.480000,1.201784,3.370549,0.598524,35,0.000000,radius_030
6.520000,1.203308,3.385507,0.598547,35,0.000000,radius_030
6.560000,1.205217,3.400515,0.598540,35,0.000000,radius_030
6.600000,1.207578,3.415798,0.598517,36,0.000000,radius_030
6.640000,1.210118,3.431304,0.598493,37,0.000000,radius_030
6.680000,1.213070,3.446873,0.598459,37,0.015625,radius_030
6.720000,1.215519,3.462544,0.598411,38,0.015625,radius_030
6.760000,1.216442,3.478226,0.598320,38,0.015625,radius_030
6.800000,1.214813,3.494007,0.597222,38,0.015625,radius_030
6.840000,1.210798,3.509946,0.598390,38,0.015625,radius_030
6.880000,1.204848,3.526100,0.599277,38,0.015625,radius_030
6.920000,1.198059,3.542174,0.598556,39,0.015625,radius_030
6.960000,1.189489,3.558109,0.599143,39,0.015625,radius_030
7.000000,1.179300,3.573765,0.599394,39,0.015625,radius_030
7.040000,1.167478,3.589208,0.599310,39,0.015625,radius_030
7.080000,1.154433,3.604184,0.599738,39,0.015625,radius_030
7.120000,1.140043,3.618757,0.599809,39,0.015625,radius_030
7.160000,1.125441,3.632848,0.599843,39,0.015625,radius_030
7.200000,1.110449,3.646509,0.599890,39,0.031250,radius_030
7.240000,1.094626,3.659784,0.599924,39,0.062500,radius_030
7.280000,1.078028,3.672827,0.599934,39,0.078125,radius_030
7.320000,1.060592,3.685717,0.599927,39,0.078125,radius_030
7.360000,1.042869,3.698180,0.599915,38,0.078125,radius_030
7.400000,1.025069,3.710393,0.599905,38,0.078125,radius_030
7.440000,1.006898,3.722572,0.599605,38,0.093750,radius_030
7.480000,0.988364,3.734700,0.599131,38,0.093750,radius_030
7.520000,0.970030,3.746718,0.599158,39,0.109375,radius_030
7.560000,0.952381,3.758682,0.599346,39,0.109375,radius_030
7.600000,0.934818,3.770550,0.599545,38,0.109375,radius_030
7.640000,0.917909,3.782148,0.599546,38,0.125000,radius_030
7.680000,0.902090,3.793329,0.599559,37,0.125000,radius_030
7.720000,0.887929,3.804151,0.599571,37,0.125000,radius_030
7.760000,0.875037,3.814572,0.599583,37,0.140625,radius_030
7.800000,0.863297,3.824792,0.599593,37,0.140625,radius_030
7.840000,0.853439,3.834864,0.599606,37,0.140625,radius_030
7.880000,0.845719,3.844883,0.599600,37,0.140625,radius_030
7.920000,0.840308,3.854936,0.599597,37,0.156250,radius_030
7.960000,0.837719,3.864887,0.599604,37,0.171875,radius_030
8.000000,0.836328,3.874863,0.599622,37,0.171875,radius_030
8.040000,0.835812,3.885018,0.599642,36,0.171875,radius_030
8.080000,0.835783,3.895532,0.599661,35,0.171875,radius_030
8.120000,0.835918,3.906449,0.599671,35,0.171875,radius_030
8.160000,0.836167,3.918059,0.599695,35,0.171875,radius_030
8.200000,0.836580,3.929755,0.599724,34,0.171875,radius_030
8.240000,0.836886,3.941661,0.599747,34,0.171875,radius_030
8.280000,0.836595,3.953871,0.599770,34,0.171875,radius_030
8.320000,0.835555,3.966500,0.599793,34,0.171875,radius_030
8.360000,0.832861,3.979469,0.599812,35,0.171875,radius_030
8.400000,0.830526,3.992765,0.599825,35,0.171875,radius_030
8.440000,0.828628,4.006356,0.599834,35,0.187500,radius_030
8.480000,0.826895,4.020026,0.599839,35,0.187500,radius_030
8.520000,0.825050,4.034079,0.599502,33,0.187500,radius_030
8.560000,0.823374,4.048460,0.599372,33,0.187500,radius_030
8.600000,0.821630,4.063112,0.599402,33,0.187500,radius_030
8.640000,0.820428,4.077955,0.599442,33,0.187500,radius_030
8.680000,0.819852,4.092836,0.599474,33,0.187500,radius_030
8.720000,0.819041,4.107766,0.599499,33,0.187500,radius_030
8.760000,0.818499,4.122799,0.599520,33,0.187500,radius_030
8.800000,0.817956,4.137826,0.599537,33,0.187500,radius_030
8.840000,0.816849,4.152957,0.599549,32,0.187500,radius_030
8.880000,0.815525,4.168375,0.599615,32,0.187500,radius_030
8.920000,0.814251,4.183763,0.599658,32,0.187500,radius_030
8.960000,0.813221,4.199317,0.599678,31,0.187500,radius_030
9.000000,0.812985,4.215075,0.599686,31,0.187500,radius_030
9.040000,0.813332,4.231003,0.599691,31,0.203125,radius_030
9.080000,0.814572,4.247125,0.599695,31,0.203125,radius_030
9.120000,0.817026,4.263488,0.599700,30,0.203125,radius_030
9.160000,0.820582,4.280055,0.599704,29,0.203125,radius_030
9.200000,0.824990,4.296634,0.599709,29,0.203125,radius_030
9.240000,0.830314,4.312697,0.599714,29,0.203125,radius_030
9.280000,0.835850,4.328360,0.599719,29,0.203125,radius_030
9.320000,0.841460,4.343847,0.599724,28,0.203125,radius_030
9.360000,0.846357,4.359151,0.599729,27,0.203125,radius_030
9.400000,0.850838,4.374286,0.599734,27,0.203125,radius_030
9.440000,0.854219,4.389347,0.599739,27,0.203125,radius_030
9.480000,0.856029,4.404466,0.599745,27,0.203125,radius_030
9.520000,0.856709,4.419717,0.599671,27,0.203125,radius_030
9.560000,0.855884,4.434633,0.599684,26,0.203125,radius_030
9.600000,0.854268,4.449667,0.599734,26,0.203125,radius_030
9.640000,0.852378,4.465503,0.599766,26,0.218750,radius_030
9.680000,0.850585,4.483662,0.599771,26,0.218750,radius_030
9.720000,0.849107,4.502036,0.599776,26,0.218750,radius_030
9.760000,0.848556,4.520511,0.599757,26,0.218750,radius_030
9.800000,0.848500,4.539066,0.599740,26,0.218750,radius_030
9.840000,0.849101,4.557841,0.599724,26,0.218750,radius_030
9.880000,0.850414,4.576899,0.599716,25,0.218750,radius_030
9.920000,0.852582,4.596283,0.599715,25,0.218750,radius_030
9.960000,0.855384,4.615871,0.599715,25,0.218750,radius_030
10.000000,0.858607,4.635436,0.599715,25,0.218750,radius_030
10.040000,0.861899,4.654975,0.599715,24,0.218750,radius_030
10.080000,0.865356,4.674591,0.599714,24,0.218750,radius_030
10.120000,0.868604,4.694378,0.599714,24,0.218750,radius_030
10.160000,0.871423,4.714279,0.599714,24,0.218750,radius_030
10.200000,0.873640,4.734335,0.599716,23,0.218750,radius_030
10.240000,0.875021,4.754594,0.599718,22,0.218750,radius_030
10.280000,0.875932,4.775068,0.599720,22,0.218750,radius_030
10.320000,0.878292,4.795750,0.599722,21,0.218750,radius_030
10.360000,0.881499,4.816639,0.599725,21,0.218750,radius_030
10.400000,0.887249,4.837721,0.599727,21,0.218750,radius_030
10.440000,0.894712,4.858933,0.599728,21,0.218750,radius_030
10.480000,0.903728,4.880201,0.599405,21,0.218750,radius_030
10.520000,0.914224,4.901636,0.599473,21,0.218750,radius_030
10.560000,0.927113,4.923326,0.599720,21,0.218750,radius_030
10.600000,0.942130,4.945138,0.599742,21,0.218750,radius_030
10.640000,0.958202,4.966623,0.599755,21,0.218750,radius_030
10.680000,0.975153,4.987936,0.599760,21,0.218750,radius_030
10.720000,0.992370,5.009035,0.599773,21,0.218750,radius_030
10.760000,1.009004,5.029966,0.599791,20,0.218750,radius_030
10.800000,1.023040,5.050938,0.599808,20,0.218750,radius_030
10.840000,1.033799,5.072012,0.599821,19,0.218750,radius_030
10.880000,1.043282,5.093356,0.599832,19,0.218750,radius_030
10.920000,1.050405,5.115199,0.599841,19,0.218750,radius_030
10.960000,1.053903,5.137494,0.599849,18,0.218750,radius_030
11.000000,1.055822,5.160259,0.599855,17,0.218750,radius_030
11.040000,1.057178,5.183361,0.599754,17,0.218750,radius_030
11.080000,1.058204,5.206593,0.599711,17,0.218750,radius_030
11.120000,1.059833,5.229850,0.599785,17,0.218750,radius_030
11.160000,1.062080,5.252956,0.599912,17,0.218750,radius_030
11.200000,1.065041,5.276079,0.599923,17,0.218750,radius_030
11.240000,1.069475,5.299307,0.599926,17,0.218750,radius_030
11.280000,1.073645,5.322284,0.599929,17,0.218750,radius_030
11.320000,1.077639,5.344960,0.599932,17,0.218750,radius_030
11.360000,1.081864,5.367118,0.599935,17,0.234375,radius_030
11.400000,1.086462,5.389156,0.599928,17,0.234375,radius_030
11.440000,1.090571,5.411322,0.599907,17,0.234375,radius_030
11.480000,1.094018,5.434036,0.599887,17,0.250000,radius_030
11.520000,1.096534,5.457345,0.599795,17,0.250000,radius_030
11.560000,1.097721,5.481100,0.599787,17,0.250000,radius_030
11.600000,1.097907,5.505210,0.599784,17,0.250000,radius_030
11.640000,1.097446,5.529528,0.599784,17,0.250000,radius_030
11.680000,1.096378,5.553985,0.599789,16,0.250000,radius_030
11.720000,1.094970,5.578628,0.599794,15,0.250000,radius_030
11.760000,1.093545,5.603380,0.599802,14,0.265625,radius_030
11.800000,1.092106,5.628326,0.599809,13,0.265625,radius_030
11.840000,1.090980,5.653473,0.599819,13,0.265625,radius_030
11.880000,1.090067,5.678842,0.599828,13,0.265625,radius_030
11.920000,1.089369,5.704444,0.599838,13,0.265625,radius_030
11.960000,1.088917,5.730327,0.599847,13,0.265625,radius_030
12.000000,1.088715,5.756504,0.599858,13,0.265625,radius_030
12.040000,1.089165,5.783171,0.599867,13,0.265625,radius_030
12.080000,1.090021,5.811560,0.599878,14,0.265625,radius_030
12.120000,1.091510,5.840371,0.599933,14,0.265625,radius_030
12.160000,1.094130,5.869553,0.599948,14,0.265625,radius_030
12.200000,1.098935,5.899100,0.599946,14,0.265625,radius_030
12.240000,1.105811,5.929055,0.599947,13,0.265625,radius_030
12.280000,1.112505,5.959402,0.599950,13,0.265625,radius_030
12.320000,1.119048,5.990070,0.599953,13,0.265625,radius_030
12.360000,1.125845,6.021178,0.599958,12,0.265625,radius_030
12.400000,1.131856,6.052686,0.599962,11,0.265625,radius_030
12.440000,1.136853,6.084327,0.599964,11,0.265625,radius_030
12.480000,1.141001,6.116307,0.599966,11,0.265625,radius_030
12.520000,1.144179,6.148620,0.599967,11,0.265625,radius_030
12.560000,1.145429,6.181588,0.599968,9,0.265625,radius_030
12.600000,1.143360,6.215419,0.599970,9,0.265625,radius_030
12.640000,1.138706,6.249478,0.599972,9,0.281250,radius_030
12.680000,1.133816,6.283681,0.599973,8,0.281250,radius_030
12.720000,1.128763,6.317592,0.599967,8,0.296875,radius_030
12.760000,1.122713,6.351369,0.599962,8,0.296875,radius_030
12.800000,1.116781,6.384811,0.599965,8,0.296875,radius_030
12.840000,1.110553,6.418304,0.599969,8,0.312500,radius_030
12.880000,1.104151,6.451902,0.599971,8,0.312500,radius_030
12.920000,1.097344,6.485527,0.599972,8,0.312500,radius_030
12.960000,1.090291,6.519119,0.599972,8,0.312500,radius_030
13.000000,1.083457,6.552716,0.599970,7,0.312500,radius_030
13.040000,1.076285,6.586110,0.599973,7,0.328125,radius_030
13.080000,1.068472,6.619411,0.599974,7,0.328125,radius_030
13.120000,1.059664,6.652583,0.599974,7,0.343750,radius_030
13.160000,1.050446,6.685685,0.599975,7,0.343750,radius_030
13.200000,1.040965,6.718686,0.599977,7,0.343750,radius_030
13.240000,1.031270,6.751458,0.599978,7,0.343750,radius_030
13.280000,1.021304,6.783905,0.599979,7,0.343750,radius_030
13.320000,1.011192,6.815938,0.599980,7,0.343750,radius_030
13.360000,1.000680,6.847697,0.599981,7,0.343750,radius_030
13.400000,0.990007,6.879224,0.599983,7,0.343750,radius_030
13.440000,0.979524,6.910446,0.599984,7,0.343750,radius_030
13.480000,0.969328,6.941379,0.599985,7,0.343750,radius_030
13.520000,0.959315,6.972033,0.599986,7,0.375000,radius_030
13.560000,0.949478,7.002433,0.599987,6,0.390625,radius_030
13.600000,0.939835,7.032611,0.599988,6,0.406250,radius_030
13.640000,0.930396,7.062602,0.599895,5,0.406250,radius_030
13.680000,0.921015,7.092387,0.599855,5,0.406250,radius_030
13.720000,0.911561,7.121950,0.599861,4,0.406250,radius_030
13.760000,0.902357,7.151348,0.599871,4,0.406250,radius_030
13.800000,0.893463,7.180648,0.599878,4,0.406250,radius_030
13.840000,0.884871,7.209840,0.599884,4,0.421875,radius_030
13.880000,0.876742,7.238956,0.599889,4,0.421875,radius_030
13.920000,0.869238,7.268047,0.599893,4,0.421875,radius_030
13.960000,0.862328,7.297138,0.599897,3,0.437500,radius_030
14.000000,0.856026,7.326222,0.599900,3,0.437500,radius_030
14.040000,0.850520,7.355278,0.599903,3,0.437500,radius_030
14.080000,0.845499,7.384282,0.599904,3,0.437500,radius_030
14.120000,0.840771,7.413225,0.599919,3,0.437500,radius_030
14.160000,0.836113,7.442082,0.599924,3,0.437500,radius_030
14.200000,0.831305,7.470883,0.599928,3,0.437500,radius_030
14.240000,0.826348,7.499619,0.599930,3,0.437500,radius_030
14.280000,0.821228,7.528157,0.599935,3,0.437500,radius_030
14.320000,0.815966,7.556513,0.599938,3,0.437500,radius_030
14.360000,0.810685,7.584685,0.599950,3,0.437500,radius_030
14.400000,0.805507,7.612616,0.599958,2,0.437500,radius_030
14.440000,0.800468,7.640369,0.599979,1,0.437500,radius_030
14.480000,0.796020,7.667948,0.600000,1,0.468750,radius_030
14.520000,0.791852,7.695402,0.600000,1,0.468750,radius_030
14.560000,0.787790,7.722732,0.600000,1,0.468750,radius_030
14.600000,0.784215,7.750007,0.600000,1,0.468750,radius_030
14.640000,0.780873,7.777195,0.600000,1,0.468750,radius_030
14.680000,0.777789,7.804336,0.600000,1,0.468750,radius_030
14.720000,0.774701,7.831175,0.600000,1,0.468750,radius_030
14.760000,0.771671,7.857653,0.600000,1,0.468750,radius_030
14.800000,0.768222,7.883957,0.600001,1,0.468750,radius_030
14.840000,0.764358,7.910116,0.600000,1,0.468750,radius_030
14.880000,0.759840,7.936151,0.600001,1,0.468750,radius_030
14.920000,0.755400,7.962079,0.600001,1,0.468750,radius_030
14.960000,0.751408,7.987916,0.600001,1,0.484375,radius_030
15.000000,0.747751,8.013651,0.600001,1,0.484375,radius_030
15.040000,0.744094,8.039313,0.600001,1,0.484375,radius_030
15.080000,0.740426,8.064918,0.600000,1,0.484375,radius_030
15.120000,0.736732,8.090476,0.599978,1,0.484375,radius_030
15.160000,0.733002,8.115987,0.599939,1,0.484375,radius_030
15.200000,0.729237,8.141437,0.599911,1,0.484375,radius_030
15.240000,0.725448,8.166708,0.599897,1,0.484375,radius_030
15.280000,0.721351,8.191826,0.599892,1,0.484375,radius_030
15.320000,0.716940,8.216749,0.599891,1,0.484375,radius_030
15.360000,0.712194,8.241555,0.599893,1,0.484375,radius_030
15.400000,0.707073,8.266275,0.599896,1,0.484375,radius_030
15.440000,0.701777,8.290919,0.599886,1,0.500000,radius_030
15.480000,0.696397,8.315499,0.599865,1,0.500000,radius_030
15.520000,0.690943,8.339925,0.599850,0,0.500000,radius_030
15.560000,0.685429,8.364195,0.599841,0,0.500000,radius_030
15.600000,0.679877,8.388274,0.599835,0,0.500000,radius_030
15.640000,0.674371,8.412104,0.599832,0,0.500000,radius_030
15.680000,0.669241,8.435739,0.599827,0,0.515625,radius_030
15.720000,0.664581,8.459192,0.599814,0,0.531250,radius_030
15.760000,0.660393,8.482480,0.599679,0,0.531250,radius_030
15.800000,0.656745,8.505657,0.600001,0,0.531250,radius_030
15.840000,0.653224,8.528745,0.600000,0,0.531250,radius_030
15.880000,0.649739,8.551755,0.600002,0,0.531250,radius_030
15.920000,0.647071,8.574731,0.600001,0,0.531250,radius_030
15.960000,0.644842,8.597667,0.600002,0,0.531250,radius_030
16.000000,0.642933,8.620550,0.600002,0,0.531250,radius_030
16.040000,0.641304,8.643140,0.600002,0,0.531250,radius_030
16.080000,0.639745,8.665449,0.600002,0,0.531250,radius_030
16.120000,0.638061,8.687733,0.600002,0,0.531250,radius_030
16.160000,0.635923,8.709854,0.600002,0,0.531250,radius_030
16.200000,0.633123,8.731784,0.599946,0,0.531250,radius_030
16.240000,0.629929,8.753584,0.599904,0,0.546875,radius_030
16.280000,0.625634,8.775261,0.599890,0,0.546875,radius_030
16.320000,0.620786,8.796764,0.599891,0,0.546875,radius_030
16.360000,0.615668,8.818082,0.599898,0,0.546875,radius_030
16.400000,0.609996,8.839159,0.599904,0,0.546875,radius_030
16.440000,0.603808,8.860063,0.599899,0,0.562500,radius_030
16.480000,0.597058,8.880818,0.599913,0,0.562500,radius_030
16.520000,0.589883,8.901394,0.599931,0,0.562500,radius_030
16.560000,0.582570,8.921691,0.599945,0,0.562500,radius_030
16.600000,0.575302,8.941601,0.599955,0,0.578125,radius_030
16.640000,0.568404,8.961147,0.600002,0,0.578125,radius_030
16.680000,0.562425,8.980324,0.600127,0,0.578125,radius_030
16.720000,0.557791,8.999168,0.600027,0,0.593750,radius_030
16.760000,0.554563,9.017684,0.600042,0,0.593750,radius_030
16.800000,0.552879,9.035859,0.600059,0,0.593750,radius_030
16.840000,0.551712,9.053677,0.600243,0,0.593750,radius_030
16.880000,0.551202,9.071176,0.600072,0,0.593750,radius_030
16.920000,0.551286,9.088451,0.600461,0,0.593750,radius_030
16.960000,0.552122,9.105607,0.600088,0,0.593750,radius_030
