method,start_s,end_s,duration_s,x_min_m,x_max_m,length_m,k_veh_km,q_veh_h,v_km_h,samples,coverage,vehicle_seconds,vehicle_metres,cell_length_m
edie,0,10,10,150,160,10,75.32416774,1515.844116,20.12427301,5,1,7.532416774,42.106781,10
edie,10,20,10,150,160,10,89.11235495,1446.6276,16.23374897,5,1,8.911235495,40.1841,10
edie,20,30,10,150,160,10,84.16246481,1098.642816,13.05383366,4,1,8.416246481,30.517856,10
edie,30,40,10,150,160,10,71.92349044,1138.269348,15.82611385,4,1,7.192349044,31.618593,10
edie,40,50,10,150,160,10,53.40975768,1440,26.96136554,4,1,5.340975768,40,10
edie,50,60,10,150,160,10,67.77150297,1810.934424,26.72117844,6,1,6.777150297,50.303734,10
edie,60,70,10,150,160,10,48.10084539,1289.617488,26.81070317,5,1,4.810084539,35.822708,10
edie,70,80,10,150,160,10,76.48600679,1831.678524,23.94789061,6,1,7.648600679,50.879959,10
edie,80,90,10,150,160,10,49.42309532,1105.654464,22.3712104,4,1,4.942309532,30.712624,10
edie,90,100,10,150,160,10,72.41131112,1307.8872,18.0619185,5,1,7.241131112,36.3302,10
edie,100,110,10,150,160,10,66.59123629,1129.630104,16.96364517,4,1,6.659123629,31.378614,10
edie,110,120,10,150,160,10,96.87194082,1637.799732,16.90685371,5,1,9.687194082,45.494437,10
edie,120,130,10,150,160,10,48.07502321,1080,22.46488775,3,1,4.807502321,30,10
edie,130,140,10,150,160,10,52.1710223,1440,27.60152929,4,1,5.21710223,40,10
edie,140,150,10,150,160,10,45.06970184,1256.92578,27.88848669,4,1,4.506970184,34.914605,10
edie,150,160,10,150,160,10,66.27697207,1954.431504,29.48884723,6,1,6.627697207,54.289764,10
edie,160,170,10,150,160,10,37.62866592,1108.642716,29.4627165,4,1,3.762866592,30.795631,10
edie,170,180,10,150,160,10,63.98316814,2159.90856,33.75744939,6,1,6.398316814,59.99746,10
edie,180,190,10,150,160,10,53.81140062,1745.059068,32.42917017,6,1,5.381140062,48.473863,10
edie,190,200,10,150,160,10,51.62651216,1472.75388,28.5270846,5,1,5.162651216,40.90983,10
edie,200,210,10,150,160,10,49.33819046,1462.278492,29.63786224,5,1,4.933819046,40.618847,10
edie,210,220,10,150,160,10,55.20407027,1185.042816,21.46658408,4,1,5.520407027,32.917856,10
edie,220,230,10,150,160,10,81.36761854,614.957184,7.557763089,2,1,8.136761854,17.082144,10
edie,230,240,10,150,160,10,63.50102799,1423.087236,22.41045982,4,1,6.350102799,39.530201,10
edie,240,250,10,150,160,10,47.46651315,1206.289836,25.41349166,5,1,4.746651315,33.508051,10
edie,250,260,10,150,160,10,69.28720791,1569.226932,22.64814789,5,1,6.928720791,43.589637,10
edie,260,270,10,150,160,10,57.65787864,1417.088772,24.57753919,5,1,5.765787864,39.363577,10
edie,270,280,10,150,160,10,47.52149224,1434.963456,30.19609419,5,1,4.752149224,39.860096,10
edie,280,290,10,150,160,10,38.3230175,1281.826764,33.4479602,5,1,3.83230175,35.606299,10
edie,290,300,10,150,160,10,77.91762897,2315.408076,29.71610028,7,1,7.791762897,64.316891,10
edie,300,310,10,150,160,10,59.06879244,1612.36476,27.2963894,6,1,5.906879244,44.78791,10
edie,310,320,10,150,160,10,77.68894705,1521.604872,19.58586041,5,1,7.768894705,42.266802,10
edie,320,330,10,150,160,10,60.19224507,978.139296,16.25025441,3,1,6.019224507,27.170536,10
edie,330,340,10,150,160,10,61.64261506,1800,29.20057818,5,1,6.164261506,50,10
edie,340,350,10,150,160,10,41.71641402,1440,34.51878676,4,1,4.171641402,40,10
edie,350,360,10,150,160,10,56.56629879,1800,31.82106729,5,1,5.656629879,50,10
edie,360,370,10,150,160,10,36.02959866,1336.18248,37.0856887,4,1,3.602959866,37.11618,10
edie,370,380,10,150,160,10,48.25357268,1622.997396,33.63476124,6,1,4.825357268,45.083261,10
edie,380,390,10,150,160,10,49.48704361,1720.820124,34.77314461,5,1,4.948704361,47.800559,10
edie,390,400,10,150,160,10,38.34507975,1364.075388,35.57367456,4,1,3.834507975,37.890983,10
edie,400,410,10,150,160,10,56.50495929,1515.924612,26.82816926,5,1,5.650495929,42.109017,10
edie,410,420,10,150,160,10,72.57261224,1921.864176,26.48194845,6,1,7.257261224,53.385116,10
edie,420,430,10,150,160,10,66.34353987,1359.64602,20.49402282,5,1,6.634353987,37.767945,10
edie,430,440,10,150,160,10,74.83859538,1758.489804,23.49709792,5,1,7.483859538,48.846939,10
edie,440,450,10,150,160,10,44.55996703,1080,24.23700178,3,1,4.455996703,30,10
edie,450,460,10,150,160,10,85.99131095,986.928534,11.47707278,4,1,8.599131095,27.4146815,10
edie,460,470,10,150,160,10,78.77782806,752.797764,9.555959875,3,1,7.877782806,20.911049,10
edie,470,480,10,150,160,10,52.18297785,934.379676,17.90583279,3,1,5.218297785,25.954991,10
edie,480,490,10,150,160,10,46.87218684,1176.374304,25.09749136,4,1,4.687218684,32.677064,10
edie,490,500,10,150,160,10,47.87513948,1343.625696,28.06520692,4,1,4.787513948,37.322936,10
edie,500,510,10,150,160,10,36.00689864,1080,29.99425224,3,1,3.600689864,30,10
edie,510,520,10,150,160,10,42.70263496,1417.655664,33.19831821,4,1,4.270263496,39.379324,10
edie,520,530,10,150,160,10,46.10327363,1462.344336,31.71888286,5,1,4.610327363,40.620676,10
edie,530,540,10,150,160,10,36.47059526,1310.275656,35.92690623,4,1,3.647059526,36.396546,10
edie,540,550,10,150,160,10,44.71160766,1844.055864,41.24333614,6,1,4.471160766,51.223774,10
edie,550,560,10,150,160,10,46.90671494,1605.232404,34.22180398,6,1,4.690671494,44.589789,10
edie,560,570,10,150,160,10,42.26453245,1360.436076,32.18859874,4,1,4.226453245,37.789891,10
edie,570,580,10,150,160,10,70.17105719,863.853696,12.31068379,3,1,7.017105719,23.995936,10
edie,580,590,10,150,160,10,94.98664409,438.334992,4.614701321,2,1,9.498664409,12.175972,10
edie,590,600,10,150,160,10,48.11914041,1217.811312,25.30825159,4,1,4.811914041,33.828092,10
edie,600,610,10,150,160,10,49.81680933,1303.823628,26.17236321,4,1,4.981680933,36.217323,10
edie,610,620,10,150,160,10,45.28745321,1357.133256,29.96709154,5,1,4.528745321,37.698146,10
edie,620,630,10,150,160,10,35.86851597,1216.644552,33.9195676,4,1,3.586851597,33.795682,10
edie,630,640,10,150,160,10,46.40733973,1589.892408,34.25950329,6,1,4.640733973,44.163678,10
edie,640,650,10,150,160,10,55.43082824,1875.218688,33.82988759,6,1,5.543082824,52.089408,10
edie,650,660,10,150,160,10,90.97328233,1507.702284,16.57302282,5,1,9.097328233,41.880619,10
edie,660,670,10,150,160,10,101.3567821,913.224096,9.009994958,4,1,10.13567821,25.367336,10
edie,670,680,10,150,160,10,48.35463838,1036.361088,21.43250622,3,1,4.835463838,28.787808,10
edie,680,690,10,150,160,10,64.63222308,1675.904688,25.92986297,5,1,6.463222308,46.552908,10
edie,690,700,10,150,160,10,62.46380949,1564.095312,25.04002437,5,1,6.246380949,43.447092,10
edie,700,710,10,150,160,10,39.62805036,1077.821892,27.19845872,3,1,3.962805036,29.939497,10
edie,710,720,10,150,160,10,53.94940711,1800,33.3645928,5,1,5.394940711,50,10
edie,720,730,10,150,160,10,41.93747522,1440,34.33683102,4,1,4.193747522,40,10
edie,730,740,10,150,160,10,51.25682074,1189.706256,23.21069155,4,1,5.125682074,33.047396,10
edie,740,750,10,150,160,10,82.52599206,1188.104292,14.39672838,5,1,8.252599206,33.002897,10
edie,750,760,10,150,160,10,119.3482895,721.426428,6.044715271,3,1,11.93482895,20.039623,10
edie,760,770,10,150,160,10,73.9727516,945.297648,12.77899804,4,1,7.39727516,26.258268,10
edie,770,780,10,150,160,10,76.06614448,1253.392524,16.47766602,4,1,7.606614448,34.816459,10
edie,780,790,10,150,160,10,72.28360821,1402.780176,19.40661528,5,1,7.228360821,38.966116,10
edie,790,800,10,150,160,10,72.535759,966.793428,13.32850778,4,1,7.2535759,26.855373,10
edie,800,810,10,150,160,10,63.77124864,972.499248,15.24980722,3,1,6.377124864,27.013868,10
edie,810,820,10,150,160,10,61.3777146,1149.512832,18.72850495,4,1,6.13777146,31.930912,10
edie,820,830,10,150,160,10,57.07690282,1233.224496,21.60636676,4,1,5.707690282,34.256236,10
edie,830,840,10,150,160,10,51.54156124,1450.950876,28.15108509,5,1,5.154156124,40.304191,10
edie,0,10,10,160,170,10,81.19844736,1424.94894,17.54896782,4,1,8.119844736,39.581915,10
edie,10,20,10,160,170,10,90.35323963,1353.270816,14.97755721,5,1,9.035323963,37.590856,10
edie,20,30,10,160,170,10,104.2323518,1181.780244,11.33794089,4,1,10.42323518,32.827229,10
edie,30,40,10,160,170,10,68.66233563,1149.739596,16.74483668,4,1,6.866233563,31.937211,10
edie,40,50,10,160,170,10,62.55505591,1538.360388,24.59210316,5,1,6.255505591,42.732233,10
edie,50,60,10,160,170,10,90.3390781,1991.900016,22.04915146,6,1,9.03390781,55.330556,10
edie,60,70,10,160,170,10,57.31894186,1440,25.12258519,4,1,5.731894186,40,10
edie,70,80,10,160,170,10,74.81159763,1762.981344,23.56561549,5,1,7.481159763,48.971704,10
edie,80,90,10,160,170,10,50.77379628,1117.018656,21.99990424,4,1,5.077379628,31.028296,10
edie,90,100,10,160,170,10,67.87524644,1253.00484,18.46040944,4,1,6.787524644,34.80569,10
edie,100,110,10,160,170,10,64.59893677,1065.307392,16.49109792,4,1,6.459893677,29.591872,10
edie,110,120,10,160,170,10,100.1232212,1712.73312,17.10625268,6,1,10.01232212,47.57592,10
edie,120,130,10,160,170,10,63.78521024,1326.58128,20.79763122,4,1,6.378521024,36.84948,10
edie,130,140,10,160,170,10,47.03944875,1237.331952,26.30413376,5,1,4.703944875,34.370332,10
edie,140,150,10,160,170,10,49.78003724,1325.041416,26.61792737,4,1,4.978003724,36.806706,10
edie,150,160,10,160,170,10,62.3344173,1800,28.87650319,5,1,6.23344173,50,10
edie,160,170,10,160,170,10,44.65250367,1308.977208,29.31475506,4,1,4.465250367,36.360478,10
edie,170,180,10,160,170,10,55.9252976,1931.022792,34.52861004,6,1,5.59252976,53.639522,10
edie,180,190,10,160,170,10,55.08888692,1800,32.67446668,5,1,5.508888692,50,10
edie,190,200,10,160,170,10,48.34038433,1440,29.78875779,4,1,4.834038433,40,10
edie,200,210,10,160,170,10,53.66771569,1615.890672,30.10917553,5,1,5.366771569,44.885852,10
edie,210,220,10,160,170,10,67.49351191,1035.560088,15.34310571,4,1,6.749351191,28.765558,10
edie,220,230,10,160,170,10,84.13592287,833.733288,9.909361657,3,1,8.413592287,23.159258,10
edie,230,240,10,160,170,10,52.52769326,1194.815952,22.74640057,4,1,5.252769326,33.189332,10
edie,240,250,10,160,170,10,49.84020833,1320.38892,26.49244384,4,1,4.984020833,36.67747,10
edie,250,260,10,160,170,10,59.1699759,1559.61108,26.35814966,5,1,5.91699759,43.32253,10
edie,260,270,10,160,170,10,53.35998733,1440,26.98651315,4,1,5.335998733,40,10
edie,270,280,10,160,170,10,43.64537,1440,32.99319035,4,1,4.364537,40,10
edie,280,290,10,160,170,10,40.84060722,1440,35.25902522,4,1,4.084060722,40,10
edie,290,300,10,160,170,10,66.13378049,2042.3421,30.8819802,6,1,6.613378049,56.731725,10
edie,300,310,10,160,170,10,63.37538847,1816.053228,28.65549659,6,1,6.337538847,50.445923,10
edie,310,320,10,160,170,10,73.96885189,1355.684832,18.32777983,5,1,7.396885189,37.657912,10
edie,320,330,10,160,170,10,59.67514039,1265.91984,21.21352093,4,1,5.967514039,35.16444,10
edie,330,340,10,160,170,10,56.78518413,1685.195028,29.67666749,5,1,5.678518413,46.810973,10
edie,340,350,10,160,170,10,46.97137489,1554.804972,33.10111692,5,1,4.697137489,43.189027,10
edie,350,360,10,160,170,10,50.1456312,1567.346904,31.25590139,5,1,5.01456312,43.537414,10
edie,360,370,10,160,170,10,35.42707869,1312.653096,37.05225337,4,1,3.542707869,36.462586,10
edie,370,380,10,160,170,10,53.20431502,1800,33.83184238,5,1,5.320431502,50,10
edie,380,390,10,160,170,10,53.75038713,1800,33.4881309,5,1,5.375038713,50,10
edie,390,400,10,160,170,10,34.35732976,1043.343468,30.36742015,3,1,3.435732976,28.981763,10
edie,400,410,10,160,170,10,64.16689735,1491.927048,23.25072755,6,1,6.416689735,41.442418,10
edie,410,420,10,160,170,10,82.84152646,1998.421524,24.12342709,6,1,8.284152646,55.511709,10
edie,420,430,10,160,170,10,73.20260095,1586.30796,21.67010379,5,1,7.320260095,44.06411,10
edie,430,440,10,160,170,10,59.11593425,1483.328016,25.09184765,5,1,5.911593425,41.203556,10
edie,440,450,10,160,170,10,58.60778079,1298.304288,22.15242192,4,1,5.860778079,36.064008,10
edie,450,460,10,160,170,10,88.23600012,966.66174,10.95541206,4,1,8.823600012,26.851715,10
edie,460,470,10,160,170,10,68.58573328,931.705956,13.58454465,3,1,6.858573328,25.880721,10
edie,470,480,10,160,170,10,46.0214503,791.16606,17.19124571,3,1,4.60214503,21.976835,10
edie,480,490,10,160,170,10,55.35058204,1336.281228,24.14213507,4,1,5.535058204,37.118923,10
edie,490,500,10,160,170,10,47.69882285,1325.729052,27.79374779,5,1,4.769882285,36.825807,10
edie,500,510,10,160,170,10,40.82515774,1226.82366,30.05067776,4,1,4.082515774,34.078435,10
edie,510,520,10,160,170,10,33.01612428,1080,32.71128952,3,1,3.301612428,30,10
edie,520,530,10,160,170,10,44.5244683,1463.58792,32.87154178,5,1,4.45244683,40.65522,10
edie,530,540,10,160,170,10,39.11944509,1416.41208,36.20736635,4,1,3.911944509,39.34478,10
edie,540,550,10,160,170,10,43.84972828,1800,41.04928516,5,1,4.384972828,50,10
edie,550,560,10,160,170,10,50.66356518,1800,35.52849061,5,1,5.066356518,50,10
edie,560,570,10,160,170,10,47.91042838,1361.756448,28.4229654,4,1,4.791042838,37.826568,10
edie,570,580,10,160,170,10,112.3784085,406.202904,3.614599186,3,1,11.23784085,11.283414,10
edie,580,590,10,160,170,10,133.856815,752.040648,5.618246989,3,1,13.3856815,20.890018,10
edie,590,600,10,160,170,10,43.22214898,1129.055832,26.12215863,4,1,4.322214898,31.362662,10
edie,600,610,10,160,170,10,50.65590684,1390.944168,27.45867668,4,1,5.065590684,38.637338,10
edie,610,620,10,160,170,10,48.52492522,1440,29.67547077,4,1,4.852492522,40,10
edie,620,630,10,160,170,10,36.26491481,1297.779426,35.78608782,4,1,3.626491481,36.0494285,10
edie,630,640,10,160,170,10,55.42584282,1795.888836,32.40165137,5,1,5.542584282,49.885801,10
edie,640,650,10,160,170,10,61.23278716,1804.111164,29.46315606,6,1,6.123278716,50.114199,10
edie,650,660,10,160,170,10,90.53445672,1381.068648,15.25461905,4,1,9.053445672,38.363018,10
edie,660,670,10,160,170,10,72.119239,1046.170764,14.50612595,4,1,7.2119239,29.060299,10
edie,670,680,10,160,170,10,53.53440036,1172.760588,21.90667272,4,1,5.353440036,32.576683,10
edie,680,690,10,160,170,10,54.93385283,1440,26.21334434,4,1,5.493385283,40,10
edie,690,700,10,160,170,10,57.83170639,1521.985284,26.31748878,5,1,5.783170639,42.277369,10
edie,700,710,10,160,170,10,42.35317451,1142.490204,26.97531454,4,1,4.235317451,31.735839,10
edie,710,720,10,160,170,10,57.98481498,1899.62226,32.76068503,6,1,5.798481498,52.767285,10
edie,720,730,10,160,170,10,46.78775229,1555.902252,33.25447742,5,1,4.678775229,43.219507,10
edie,730,740,10,160,170,10,36.11611958,840.049992,23.25969683,3,1,3.611611958,23.334722,10
edie,740,750,10,160,170,10,122.8722911,1274.723676,10.37437867,4,1,12.28722911,35.408991,10
edie,750,760,10,160,170,10,86.30083231,765.226332,8.866963522,3,1,8.630083231,21.256287,10
edie,760,770,10,160,170,10,62.33859563,828.33102,13.28761118,3,1,6.233859563,23.009195,10
edie,770,780,10,160,170,10,77.51259948,1228.758552,15.85237188,4,1,7.751259948,34.132182,10
edie,780,790,10,160,170,10,80.58931784,1422.92628,17.65651228,5,1,8.058931784,39.52573,10
edie,790,800,10,160,170,10,80.11655184,1195.8291,14.92611792,4,1,8.011655184,33.217475,10
edie,800,810,10,160,170,10,45.01981995,754.140096,16.75129081,4,1,4.501981995,20.948336,10
edie,810,820,10,160,170,10,62.94690319,1232.972136,19.58749475,4,1,6.294690319,34.249226,10
edie,820,830,10,160,170,10,51.89134818,1257.042816,24.22451642,4,1,5.189134818,34.917856,10
edie,830,840,10,160,170,10,51.23310177,1440,28.1068284,4,1,5.123310177,40,10
edie,0,10,10,170,180,10,85.53627907,1394.810244,16.30665092,4,1,8.553627907,38.744729,10
edie,10,20,10,170,180,10,93.16286306,1382.096412,14.83527198,4,1,9.316286306,38.391567,10
edie,20,30,10,170,180,10,83.05211075,1259.420292,15.16421775,5,1,8.305211075,34.983897,10
edie,30,40,10,170,180,10,53.28831384,1109.68146,20.82410532,4,1,5.328831384,30.824485,10
edie,40,50,10,170,180,10,75.06288999,1871.47332,24.93207123,6,1,7.506288999,51.98537,10
edie,50,60,10,170,180,10,81.82784034,1876.01238,22.92633378,7,1,8.182784034,52.111455,10
edie,60,70,10,170,180,10,72.67146504,1582.317504,21.77357376,6,1,7.267146504,43.953264,10
edie,70,80,10,170,180,10,64.09348922,1603.242684,25.01412707,5,1,6.409348922,44.534519,10
edie,80,90,10,170,180,10,52.62921636,1203.447888,22.86653633,4,1,5.262921636,33.429108,10
edie,90,100,10,170,180,10,60.71955152,1129.992192,18.61002204,4,1,6.071955152,31.388672,10
edie,100,110,10,170,180,10,72.42562765,1266.55992,17.48773136,4,1,7.242562765,35.18222,10
edie,110,120,10,170,180,10,83.65998304,1441.144836,17.22621478,5,1,8.365998304,40.031801,10
edie,120,130,10,170,180,10,74.49993477,1438.855164,19.31350904,4,1,7.449993477,39.968199,10
edie,130,140,10,170,180,10,61.76727631,1440,23.3133155,4,1,6.176727631,40,10
edie,140,150,10,170,180,10,54.29730293,1350.143568,24.86575751,4,1,5.429730293,37.503988,10
edie,150,160,10,170,180,10,54.81904711,1603.410912,29.24915693,6,1,5.481904711,44.539192,10
edie,160,170,10,170,180,10,47.260955,1366.44552,28.91277843,4,1,4.7260955,37.95682,10
edie,170,180,10,170,180,10,52.98326832,1845.924912,34.83977056,6,1,5.298326832,51.275692,10
edie,180,190,10,170,180,10,52.01374445,1760.892876,33.85437628,6,1,5.201374445,48.913691,10
edie,190,200,10,170,180,10,49.82387018,1608.94854,32.29272504,5,1,4.982387018,44.693015,10
edie,200,210,10,170,180,10,56.67608104,1624.233672,28.658186,5,1,5.667608104,45.117602,10
edie,210,220,10,170,180,10,104.8827777,796.429368,7.593519029,3,1,10.48827777,22.123038,10
edie,220,230,10,170,180,10,79.5340509,1003.570632,12.61812545,3,1,7.95340509,27.876962,10
edie,230,240,10,170,180,10,60.53470892,1355.662908,22.39480345,4,1,6.053470892,37.657303,10
edie,240,250,10,170,180,10,41.13171299,1164.337092,28.30752739,4,1,4.113171299,32.342697,10
edie,250,260,10,170,180,10,60.12638714,1684.291608,28.01251976,5,1,6.012638714,46.785878,10
edie,260,270,10,170,180,10,52.55617556,1480.736592,28.17435965,6,1,5.255617556,41.131572,10
edie,270,280,10,170,180,10,49.14545177,1640.703888,33.3846537,5,1,4.914545177,45.575108,10
edie,280,290,10,170,180,10,32.41264452,1165.174704,35.94815299,5,1,3.241264452,32.365964,10
edie,290,300,10,170,180,10,64.41423649,2102.432904,32.63925832,6,1,6.441423649,58.400914,10
edie,300,310,10,170,180,10,62.06334933,1800,29.00262424,5,1,6.206334933,50,10
edie,310,320,10,170,180,10,83.77836214,1389.3714,16.58389308,4,1,8.377836214,38.59365,10
edie,320,330,10,170,180,10,51.7669308,1273.410612,24.59892044,5,1,5.17669308,35.372517,10
edie,330,340,10,170,180,10,55.83136949,1657.217988,29.68256024,5,1,5.583136949,46.033833,10
edie,340,350,10,170,180,10,53.20617422,1673.72478,31.45734127,5,1,5.320617422,46.492355,10
edie,350,360,10,170,180,10,49.52982069,1566.27522,31.62287281,5,1,4.952982069,43.507645,10
edie,360,370,10,170,180,10,33.69035897,1185.507324,35.18832569,4,1,3.369035897,32.930759,10
edie,370,380,10,170,180,10,49.89855042,1794.381948,35.96060272,6,1,4.989855042,49.843943,10
edie,380,390,10,170,180,10,55.38386694,1788.577272,32.29419271,6,1,5.538386694,49.682702,10
edie,390,400,10,170,180,10,41.78063316,991.533456,23.73189157,3,1,4.178063316,27.542596,10
edie,400,410,10,170,180,10,61.49851893,1518.382512,24.68974112,5,1,6.149851893,42.177292,10
edie,410,420,10,170,180,10,83.69590104,2081.617488,24.87119993,6,1,8.369590104,57.822708,10
edie,420,430,10,170,180,10,67.26219756,1661.468112,24.70136529,5,1,6.726219756,46.151892,10
edie,430,440,10,170,180,10,52.73171593,1373.636376,26.04952924,5,1,5.273171593,38.156566,10
edie,440,450,10,170,180,10,55.47356274,1248.827832,22.51212596,4,1,5.547356274,34.689662,10
edie,450,460,10,170,180,10,81.97038244,986.829768,12.03885768,4,1,8.197038244,27.411938,10
edie,460,470,10,170,180,10,56.35085415,857.558952,15.2182068,4,1,5.635085415,23.821082,10
edie,470,480,10,170,180,10,59.6407609,1071.67896,17.96890153,3,1,5.96407609,29.76886,10
edie,480,490,10,170,180,10,45.85212042,1080,23.55398159,3,1,4.585212042,30,10
edie,490,500,10,170,180,10,52.30085353,1440,27.53301147,4,1,5.230085353,40,10
edie,500,510,10,170,180,10,42.96746413,1341.902988,31.23067687,4,1,4.296746413,37.275083,10
edie,510,520,10,170,180,10,32.819466,1110.25206,33.82907144,4,1,3.2819466,30.840335,10
edie,520,530,10,170,180,10,46.05851125,1507.844952,32.7375964,5,1,4.605851125,41.884582,10
edie,530,540,10,170,180,10,36.98530225,1358.0001,36.71729085,4,1,3.698530225,37.722225,10
edie,540,550,10,170,180,10,41.49590606,1697.524812,40.9082479,6,1,4.149590606,47.153467,10
edie,550,560,10,170,180,10,48.50329699,1774.093176,36.57675428,6,1,4.850329699,49.280366,10
edie,560,570,10,170,180,10,47.03684094,1290.381912,27.43343061,4,1,4.703684094,35.843942,10
edie,570,580,10,170,180,10,96.73371058,314.155548,3.247632559,1,1,9.673371058,8.726543,10
edie,580,590,10,170,180,10,66.10025388,846.476388,12.80594761,4,1,6.610025388,23.513233,10
edie,590,600,10,170,180,10,48.83848459,1359.368064,27.83395257,4,1,4.883848459,37.760224,10
edie,600,610,10,170,180,10,51.10656048,1440,28.1764217,4,1,5.110656048,40,10
edie,610,620,10,170,180,10,48.48770448,1438.024896,29.65751651,4,1,4.848770448,39.945136,10
edie,620,630,10,170,180,10,39.39372211,1211.238612,30.74699589,5,1,3.939372211,33.645517,10
edie,630,640,10,170,180,10,52.97551945,1730.582262,32.66758457,6,1,5.297551945,48.0717295,10
edie,640,650,10,170,180,10,68.63169297,1889.278524,27.52778552,6,1,6.863169297,52.479959,10
edie,650,660,10,170,180,10,80.99000587,1350.721476,16.67763154,4,1,8.099000587,37.520041,10
edie,660,670,10,170,180,10,54.90327807,1075.248756,19.58441816,3,1,5.490327807,29.868021,10
edie,670,680,10,170,180,10,61.51063253,1366.076124,22.2087803,5,1,6.151063253,37.946559,10
edie,680,690,10,170,180,10,48.57894275,1446.616584,29.77867574,5,1,4.857894275,40.183794,10
edie,690,700,10,170,180,10,50.57251862,1451.00574,28.69158546,5,1,5.057251862,40.305715,10
edie,700,710,10,170,180,10,42.99142593,1141.052796,26.54140381,4,1,4.299142593,31.695911,10
edie,710,720,10,170,180,10,53.44372099,1800,33.6802896,5,1,5.344372099,50,10
edie,720,730,10,170,180,10,51.59771705,1590.978708,30.83428491,5,1,5.159771705,44.193853,10
edie,730,740,10,170,180,10,38.17320546,799.980912,20.95660824,3,1,3.817320546,22.221692,10
edie,740,750,10,170,180,10,109.6537359,1083.500316,9.881107166,4,1,10.96537359,30.097231,10
edie,750,760,10,170,180,10,104.5823904,1010.860272,9.665683372,4,1,10.45823904,28.079452,10
edie,760,770,10,170,180,10,63.52322226,864.16092,13.60385839,3,1,6.352322226,24.00447,10
edie,770,780,10,170,180,10,70.32634219,1130.518872,16.07532593,4,1,7.032634219,31.403302,10
edie,780,790,10,170,180,10,84.63370768,1374.832404,16.24450165,4,1,8.463370768,38.189789,10
edie,790,800,10,170,180,10,81.3708475,1145.167596,14.07343823,4,1,8.13708475,31.810211,10
edie,800,810,10,170,180,10,58.35442016,891.377208,15.27523032,3,1,5.835442016,24.760478,10
edie,810,820,10,170,180,10,59.18587627,1268.622792,21.43455284,4,1,5.918587627,35.239522,10
edie,820,830,10,170,180,10,49.94600596,1383.961788,27.70915835,4,1,4.994600596,38.443383,10
edie,830,840,10,170,180,10,48.29384902,1496.038212,30.97782104,5,1,4.829384902,41.556617,10
edie,0,10,10,180,190,10,74.90120811,1234.950876,16.48772973,5,1,7.490120811,34.304191,10
edie,10,20,10,180,190,10,88.44331911,1365.732288,15.4418932,4,1,8.844331911,37.937008,10
edie,20,30,10,180,190,10,77.7944784,1384.060536,17.79124386,5,1,7.77944784,38.446126,10
edie,30,40,10,180,190,10,52.36743763,1174.051728,22.41949924,4,1,5.236743763,32.612548,10
edie,40,50,10,180,190,10,73.12733375,1800,24.61459905,5,1,7.312733375,50,10
edie,50,60,10,180,190,10,72.45441031,1800,24.8432082,5,1,7.245441031,50,10
edie,60,70,10,180,190,10,76.03783176,1699.880328,22.35571805,5,1,7.603783176,47.218898,10
edie,70,80,10,180,190,10,70.90266008,1648.761588,23.25387491,6,1,7.090266008,45.798933,10
edie,80,90,10,180,190,10,61.10100306,1331.358084,21.78946363,4,1,6.110100306,36.982169,10
edie,90,100,10,180,190,10,50.63731698,976.050792,19.27532599,3,1,5.063731698,27.112522,10
edie,100,110,10,180,190,10,81.08559534,1483.847388,18.2997656,5,1,8.108559534,41.217983,10
edie,110,120,10,180,190,10,64.79747027,1182.072852,18.24257717,5,1,6.479747027,32.835357,10
edie,120,130,10,180,190,10,68.05267169,1401.551244,20.59509508,5,1,6.805267169,38.931979,10
edie,130,140,10,180,190,10,73.88978035,1634.24088,22.1172789,5,1,7.388978035,45.39558,10
edie,140,150,10,180,190,10,52.42948313,1242.236844,23.69347874,4,1,5.242948313,34.506579,10
edie,150,160,10,180,190,10,60.47225622,1672.678692,27.66026599,5,1,6.047225622,46.463297,10
edie,160,170,10,180,190,10,49.67005061,1567.321308,31.55465494,5,1,4.967005061,43.536703,10
edie,170,180,10,180,190,10,48.93881258,1728.92538,35.32830669,5,1,4.893881258,48.025705,10
edie,180,190,10,180,190,10,53.58707854,1792.406808,33.44848901,6,1,5.358707854,49.789078,10
edie,190,200,10,180,190,10,47.60607318,1518.667812,31.90071582,5,1,4.760607318,42.185217,10
edie,200,210,10,180,190,10,57.19118898,1485.460404,25.97358842,5,1,5.719118898,41.262789,10
edie,210,220,10,180,190,10,103.4024692,752.358852,7.27602404,3,1,10.34024692,20.898857,10
edie,220,230,10,180,190,10,70.50450172,1153.978776,16.36744815,4,1,7.050450172,32.054966,10
edie,230,240,10,180,190,10,49.68475121,1288.201968,25.92751169,4,1,4.968475121,35.783388,10
edie,240,250,10,180,190,10,54.19723989,1440,26.56961873,4,1,5.419723989,40,10
edie,250,260,10,180,190,10,51.4830661,1440,27.97036209,4,1,5.14830661,40,10
edie,260,270,10,180,190,10,59.94019416,1800,30.02993276,5,1,5.994019416,50,10
edie,270,280,10,180,190,10,42.11952083,1440,34.18842313,4,1,4.211952083,40,10
edie,280,290,10,180,190,10,39.55725225,1440,36.40293292,4,1,3.955725225,40,10
edie,290,300,10,180,190,10,54.30018817,1821.583548,33.54654209,6,1,5.430018817,50.599543,10
edie,300,310,10,180,190,10,76.6605837,1885.28076,24.59256986,6,1,7.66605837,52.36891,10
edie,310,320,10,180,190,10,81.53423335,1333.135692,16.35062522,4,1,8.153423335,37.031547,10
edie,320,330,10,180,190,10,55.19623304,1440,26.08873687,4,1,5.519623304,40,10
edie,330,340,10,180,190,10,52.34684043,1560.690072,29.81440826,5,1,5.234684043,43.352502,10
edie,340,350,10,180,190,10,53.31335289,1679.309928,31.49886167,5,1,5.331335289,46.647498,10
edie,350,360,10,180,190,10,52.88719564,1668.410244,31.54658181,5,1,5.288719564,46.344729,10
edie,360,370,10,180,190,10,30.7194242,1024.609212,33.35378962,4,1,3.07194242,28.461367,10
edie,370,380,10,180,190,10,45.13829032,1608.092676,35.62591016,5,1,4.513829032,44.669241,10
edie,380,390,10,180,190,10,61.96026929,1849.355748,29.84744529,6,1,6.196026929,51.370993,10
edie,390,400,10,180,190,10,52.70025763,1073.0871,20.36208452,4,1,5.270025763,29.807975,10
edie,400,410,10,180,190,10,66.26520807,1589.464476,23.9864104,5,1,6.626520807,44.151791,10
edie,410,420,10,180,190,10,71.34267304,1814.209812,25.42951833,6,1,7.134267304,50.394717,10
edie,420,430,10,180,190,10,68.26168927,1785.790188,26.16094338,5,1,6.826168927,49.605283,10
edie,430,440,10,180,190,10,50.84134115,1440,28.32340704,4,1,5.084134115,40,10
edie,440,450,10,180,190,10,50.42159998,1080,21.4193917,3,1,5.042159998,30,10
edie,450,460,10,180,190,10,78.07125231,1035.490572,13.26340415,3,1,7.807125231,28.763627,10
edie,460,470,10,180,190,10,54.70187274,978.600168,17.88970138,4,1,5.470187274,27.183338,10
edie,470,480,10,180,190,10,62.84717773,1215.272952,19.33695348,4,1,6.284717773,33.757582,10
edie,480,490,10,180,190,10,36.5572708,906.3441,24.7924443,4,1,3.65572708,25.176225,10
edie,490,500,10,180,190,10,45.31975779,1384.466544,30.54885135,5,1,4.531975779,38.457404,10
edie,500,510,10,180,190,10,39.34362088,1319.825664,33.54611585,4,1,3.934362088,36.661824,10
edie,510,520,10,180,190,10,31.31817349,1080,34.48476969,3,1,3.131817349,30,10
edie,520,530,10,180,190,10,52.98485777,1800,33.97197003,5,1,5.298485777,50,10
edie,530,540,10,180,190,10,27.51536157,1080,39.25080167,3,1,2.751536157,30,10
edie,540,550,10,180,190,10,45.13362769,1800,39.88157151,5,1,4.513362769,50,10
edie,550,560,10,180,190,10,42.40852455,1638.882396,38.64511707,5,1,4.240852455,45.524511,10
edie,560,570,10,180,190,10,68.92139002,1455.822828,21.12294641,5,1,6.892139002,40.439523,10
edie,570,580,10,180,190,10,100,106.655796,1.06655796,1,1,10,2.962661,10
edie,580,590,10,180,190,10,57.54547725,1107.048024,19.23779377,4,1,5.754547725,30.751334,10
edie,590,600,10,180,190,10,43.12971717,1243.24632,28.82574711,5,1,4.312971717,34.53462,10
edie,600,610,10,180,190,10,44.50063465,1368.687636,30.75658688,5,1,4.450063465,38.019101,10
edie,610,620,10,180,190,10,42.9934566,1359.657,31.62474264,4,1,4.29934566,37.76825,10
edie,620,630,10,180,190,10,41.53967592,1379.985984,33.22091358,4,1,4.153967592,38.332944,10
edie,630,640,10,180,190,10,62.86582389,1951.900416,31.04867311,7,1,6.286582389,54.219456,10
edie,640,650,10,180,190,10,78.35165882,2068.1136,26.39527524,6,1,7.835165882,57.4476,10
edie,650,660,10,180,190,10,74.60012819,1133.580276,15.19541995,4,1,7.460012819,31.488341,10
edie,660,670,10,180,190,10,41.88728095,1026.419724,24.50432926,3,1,4.188728095,28.511659,10
edie,670,680,10,180,190,10,56.80020394,1440,25.35202165,4,1,5.680020394,40,10
edie,680,690,10,180,190,10,45.93175279,1348.01118,29.34813279,4,1,4.593175279,37.444755,10
edie,690,700,10,180,190,10,49.09513907,1531.98882,31.2044909,5,1,4.909513907,42.555245,10
edie,700,710,10,180,190,10,52.65644899,1440,27.34707766,4,1,5.265644899,40,10
edie,710,720,10,180,190,10,56.74379411,1800,31.72153058,5,1,5.674379411,50,10
edie,720,730,10,180,190,10,47.09724271,1372.546404,29.14281867,4,1,4.709724271,38.126289,10
edie,730,740,10,180,190,10,46.14999456,787.453596,17.0629185,3,1,4.614999456,21.873711,10
edie,740,750,10,180,190,10,90.11019334,805.423428,8.938205525,3,1,9.011019334,22.372873,10
edie,750,760,10,180,190,10,85.24789588,1149.6006,13.48538387,4,1,8.524789588,31.93335,10
edie,760,770,10,180,190,10,65.10184294,924.975972,14.20813805,3,1,6.510184294,25.693777,10
edie,770,780,10,180,190,10,56.18476336,1116.440748,19.87088102,4,1,5.618476336,31.012243,10
edie,780,790,10,180,190,10,91.5156755,1402.864308,15.3292242,4,1,9.15156755,38.968453,10
edie,790,800,10,180,190,10,78.77219923,1084.184316,13.76354001,5,1,7.877219923,30.116231,10
edie,800,810,10,180,190,10,71.64084787,1076.510628,15.02649201,3,1,7.164084787,29.903073,10
edie,810,820,10,180,190,10,56.15065073,1440,25.64529495,4,1,5.615065073,40,10
edie,820,830,10,180,190,10,35.8888263,1080,30.09293174,3,1,3.58888263,30,10
edie,830,840,10,180,190,10,49.07904986,1574.26344,32.07607817,5,1,4.907904986,43.72954,10
edie,0,10,10,190,200,10,79.89295593,1173.144636,14.68395583,4,1,7.989295593,32.587351,10
edie,10,20,10,190,200,10,79.78378459,1346.855364,16.88131706,4,1,7.978378459,37.412649,10
edie,20,30,10,190,200,10,66.65029683,1440,21.60530513,4,1,6.665029683,40,10
edie,30,40,10,190,200,10,56.16353517,1157.080428,20.60198712,4,1,5.616353517,32.141123,10
edie,40,50,10,190,200,10,73.6244988,1849.410612,25.1195002,6,1,7.36244988,51.372517,10
edie,50,60,10,190,200,10,88.28841691,1981.0296,22.43815972,6,1,8.828841691,55.0286,10
edie,60,70,10,190,200,10,65.85969348,1492.47936,22.66149873,5,1,6.585969348,41.45776,10
edie,70,80,10,190,200,10,63.81230855,1577.430936,24.71985377,5,1,6.381230855,43.817526,10
edie,80,90,10,190,200,10,76.1077385,1617.726816,21.25574676,5,1,7.61077385,44.936856,10
edie,90,100,10,190,200,10,41.18034447,764.842248,18.57299296,3,1,4.118034447,21.245618,10
edie,100,110,10,190,200,10,82.03794077,1440,17.55285404,4,1,8.203794077,40,10
edie,110,120,10,190,200,10,54.88886371,1111.137228,20.24340008,4,1,5.488886371,30.864923,10
edie,120,130,10,190,200,10,70.40873843,1506.956148,21.40297045,5,1,7.040873843,41.859893,10
edie,130,140,10,190,200,10,65.91892038,1603.670616,24.32792598,5,1,6.591892038,44.546406,10
edie,140,150,10,190,200,10,47.99885716,1187.0874,24.73157634,5,1,4.799885716,32.97465,10
edie,150,160,10,190,200,10,61.82492761,1764.949176,28.54753324,5,1,6.182492761,49.026366,10
edie,160,170,10,190,200,10,59.03862913,1826.199432,30.93228042,6,1,5.903862913,50.727762,10
edie,170,180,10,190,200,10,40.98858203,1440,35.13173495,4,1,4.098858203,40,10
edie,180,190,10,190,200,10,48.74051993,1605.159252,32.93274783,5,1,4.874051993,44.587757,10
edie,190,200,10,190,200,10,55.87183128,1800,32.21659213,5,1,5.587183128,50,10
edie,200,210,10,190,200,10,44.91328449,1174.56012,26.15173068,4,1,4.491328449,32.62667,10
edie,210,220,10,190,200,10,110.1395718,726.32034,6.594544793,3,1,11.01395718,20.175565,10
edie,220,230,10,190,200,10,65.7047513,1339.11954,20.38086308,4,1,6.57047513,37.197765,10
edie,230,240,10,190,200,10,56.03243579,1437.699348,25.65834106,4,1,5.603243579,39.936093,10
edie,240,250,10,190,200,10,57.79013526,1442.300652,24.95755799,5,1,5.779013526,40.063907,10
edie,250,260,10,190,200,10,42.5956519,1228.601268,28.84334934,4,1,4.25956519,34.127813,10
edie,260,270,10,190,200,10,59.27536703,1793.438244,30.25604621,6,1,5.927536703,49.817729,10
edie,270,280,10,190,200,10,48.09361859,1657.960488,34.47360662,5,1,4.809361859,46.054458,10
edie,280,290,10,190,200,10,38.4276933,1369.327716,35.63387751,4,1,3.84276933,38.036881,10
edie,290,300,10,190,200,10,49.635551,1596.5145,32.16473813,6,1,4.9635551,44.347625,10
edie,300,310,10,190,200,10,83.96775091,1638.110628,19.50880678,5,1,8.396775091,45.503073,10
edie,310,320,10,190,200,10,83.36792095,1335.341232,16.01744672,5,1,8.336792095,37.092812,10
edie,320,330,10,190,200,10,57.40133951,1669.277124,29.08080435,5,1,5.740133951,46.368809,10
edie,330,340,10,190,200,10,43.57359605,1371.244284,31.46961482,5,1,4.357359605,38.090119,10
edie,340,350,10,190,200,10,64.45827051,1906.026732,29.56993287,6,1,6.445827051,52.945187,10
edie,350,360,10,190,200,10,46.50804536,1440,30.96238487,4,1,4.650804536,40,10
edie,360,370,10,190,200,10,34.19427668,1080,31.58423294,3,1,3.419427668,30,10
edie,370,380,10,190,200,10,36.8332739,1254.189888,34.05045914,4,1,3.68332739,34.838608,10
edie,380,390,10,190,200,10,75.64237898,1985.810112,26.25261313,6,1,7.564237898,55.161392,10
edie,390,400,10,190,200,10,60.37362884,1080,17.88860502,3,1,6.037362884,30,10
edie,400,410,10,190,200,10,70.2665095,1736.701452,24.71592035,5,1,7.02665095,48.241707,10
edie,410,420,10,190,200,10,57.18160038,1516.363524,26.51838203,6,1,5.718160038,42.121209,10
edie,420,430,10,190,200,10,77.08508832,1915.807176,24.85314887,6,1,7.708508832,53.216866,10
edie,430,440,10,190,200,10,54.69377269,1363.22316,24.92465034,5,1,5.469377269,37.86731,10
edie,440,450,10,190,200,10,78.78525122,1235.386116,15.68042364,4,1,7.878525122,34.316281,10
edie,450,460,10,190,200,10,58.20764386,872.518572,14.98975932,3,1,5.820764386,24.236627,10
edie,460,470,10,190,200,10,67.42802929,1080,16.01707793,3,1,6.742802929,30,10
edie,470,480,10,190,200,10,57.40050699,1080,18.81516482,3,1,5.740050699,30,10
edie,480,490,10,190,200,10,43.8056792,1080,24.65433751,3,1,4.38056792,30,10
edie,490,500,10,190,200,10,37.00739163,1189.066176,32.13050484,4,1,3.700739163,33.029616,10
edie,500,510,10,190,200,10,49.60411988,1676.837412,33.80439803,5,1,4.960411988,46.578817,10
edie,510,520,10,190,200,10,31.22837853,1094.096412,35.03532567,4,1,3.122837853,30.391567,10
edie,520,530,10,190,200,10,41.18209983,1522.336392,36.96597304,5,1,4.118209983,42.287122,10
edie,530,540,10,190,200,10,33.47809467,1357.663608,40.55378962,4,1,3.347809467,37.712878,10
edie,540,550,10,190,200,10,42.21400566,1670.798664,39.57924954,5,1,4.221400566,46.411074,10
edie,550,560,10,190,200,10,40.26518467,1569.201336,38.97166619,5,1,4.026518467,43.588926,10
edie,560,570,10,190,200,10,81.98220236,1187.957952,14.49043717,4,1,8.198220236,32.998832,10
edie,570,580,10,190,200,10,88.04900136,252.042048,2.862520234,1,1,8.804900136,7.001168,10
edie,580,590,10,190,200,10,48.62144286,1080,22.21242186,3,1,4.862144286,30,10
edie,590,600,10,190,200,10,49.75654013,1440,28.94091905,4,1,4.975654013,40,10
edie,600,610,10,190,200,10,41.61608224,1440,34.60200774,4,1,4.161608224,40,10
edie,610,620,10,190,200,10,42.69622288,1420.439112,33.26849581,4,1,4.269622288,39.456642,10
edie,620,630,10,190,200,10,31.98912076,1099.560888,34.37296374,4,1,3.198912076,30.543358,10
edie,630,640,10,190,200,10,64.6019461,2160,33.43552525,6,1,6.46019461,60,10
edie,640,650,10,190,200,10,76.19831191,1927.116468,25.29080264,6,1,7.619831191,53.531013,10
edie,650,660,10,190,200,10,76.00440346,1066.7997,14.03602491,4,1,7.600440346,29.633325,10
edie,660,670,10,190,200,10,49.19902159,1326.083832,26.95345942,4,1,4.919902159,36.835662,10
edie,670,680,10,190,200,10,45.85233984,1299.76002,28.34664544,4,1,4.585233984,36.104445,10
edie,680,690,10,190,200,10,40.81835909,1220.23998,29.89439084,4,1,4.081835909,33.895555,10
edie,690,700,10,190,200,10,52.04503422,1702.762524,32.71709875,5,1,5.204503422,47.298959,10
edie,700,710,10,190,200,10,49.98054194,1537.237476,30.75671884,5,1,4.998054194,42.701041,10
edie,710,720,10,190,200,10,48.28989808,1489.845888,30.85212326,5,1,4.828989808,41.384608,10
edie,720,730,10,190,200,10,58.85866866,1390.154112,23.61851098,4,1,5.885866866,38.615392,10
edie,730,740,10,190,200,10,75.33262114,875.481228,11.6215421,3,1,7.533262114,24.318923,10
edie,740,750,10,190,200,10,82.7199212,652.988988,7.893974977,3,1,8.27199212,18.138583,10
edie,750,760,10,190,200,10,95.20710996,1200.722976,12.61169441,4,1,9.520710996,33.353416,10
edie,760,770,10,190,200,10,70.42442027,1183.956516,16.81173251,4,1,7.042442027,32.887681,10
edie,770,780,10,190,200,10,55.50864268,1118.25126,20.14553421,4,1,5.550864268,31.062535,10
edie,780,790,10,190,200,10,68.67981178,1088.599032,15.85034967,4,1,6.867981178,30.238862,10
edie,790,800,10,190,200,10,99.80741919,1269.683532,12.72133417,4,1,9.980741919,35.268987,10
edie,800,810,10,190,200,10,59.31838514,1177.032636,19.84262777,4,1,5.931838514,32.695351,10
edie,810,820,10,190,200,10,49.60104594,1278.293544,25.7715038,5,1,4.960104594,35.508154,10
edie,820,830,10,190,200,10,47.62848616,1314.990288,27.60932362,4,1,4.762848616,36.527508,10
edie,830,840,10,190,200,10,43.41431408,1440,33.16878385,4,1,4.341431408,40,10
edie,0,10,10,200,210,10,72.65581251,1109.143836,15.26572751,4,1,7.265581251,30.809551,10
edie,10,20,10,200,210,10,64.89990089,1391.127048,21.43496414,5,1,6.489990089,38.642418,10
edie,20,30,10,200,210,10,56.68182573,1518.806808,26.79530499,5,1,5.668182573,42.189078,10
edie,30,40,10,200,210,10,61.90977164,1303.911396,21.06147966,4,1,6.190977164,36.219761,10
edie,40,50,10,200,210,10,56.93682798,1524.966228,26.78347709,5,1,5.693682798,42.360173,10
edie,50,60,10,200,210,10,81.63288738,1973.491272,24.17519869,6,1,8.163288738,54.819202,10
edie,60,70,10,200,210,10,65.39268428,1545.78168,23.63844973,6,1,6.539268428,42.93838,10
edie,70,80,10,200,210,10,72.78442093,1760.362488,24.18597916,5,1,7.278442093,48.898958,10
edie,80,90,10,200,210,10,68.53869932,1475.398332,21.52650031,5,1,6.853869932,40.983287,10
edie,90,100,10,200,210,10,51.69417787,997.15518,19.2895065,3,1,5.169417787,27.698755,10
edie,100,110,10,200,210,10,60.80427926,1226.76516,20.17563854,5,1,6.080427926,34.07681,10
edie,110,120,10,200,210,10,56.09024804,1266.932988,22.58740213,4,1,5.609024804,35.192583,10
edie,120,130,10,200,210,10,65.74840107,1549.146672,23.5617391,5,1,6.574840107,43.031852,10
edie,130,140,10,200,210,10,53.32966857,1440,27.00185541,4,1,5.332966857,40,10
edie,140,150,10,200,210,10,53.45056554,1440,26.94078137,4,1,5.345056554,40,10
edie,150,160,10,200,210,10,47.26715418,1440,30.46513007,4,1,4.726715418,40,10
edie,160,170,10,200,210,10,66.54755452,2010.901284,30.21750835,6,1,6.654755452,55.858369,10
edie,170,180,10,200,210,10,52.22690114,1589.098716,30.42682375,5,1,5.222690114,44.141631,10
edie,180,190,10,200,210,10,45.19496669,1440,31.86195511,4,1,4.519496669,40,10
edie,190,200,10,200,210,10,48.09348441,1534.984416,31.91668133,5,1,4.809348441,42.638456,10
edie,200,210,10,200,210,10,64.61223998,1312.234272,20.30937594,5,1,6.461223998,36.450952,10
edie,210,220,10,200,210,10,88.3790643,629.529084,7.123056677,3,1,8.83790643,17.486919,10
edie,220,230,10,200,210,10,57.7043705,1370.1141,23.74367987,5,1,5.77043705,38.058725,10
edie,230,240,10,200,210,10,50.26969509,1322.6859,26.31179476,4,1,5.026969509,36.741275,10
edie,240,250,10,200,210,10,66.96932094,1601.227332,23.90986364,5,1,6.696932094,44.478537,10
edie,250,260,10,200,210,10,41.80283501,1222.953912,29.25528644,4,1,4.180283501,33.970942,10
edie,260,270,10,200,210,10,56.61138392,1744.41168,30.81379679,6,1,5.661138392,48.45588,10
edie,270,280,10,200,210,10,49.41571994,1643.253264,33.25365422,6,1,4.941571994,45.645924,10
edie,280,290,10,200,210,10,37.49790216,1348.153812,35.9527796,4,1,3.749790216,37.448717,10
edie,290,300,10,200,210,10,59.19288419,1800,30.40906056,5,1,5.919288419,50,10
edie,300,310,10,200,210,10,67.61169187,1272.752244,18.8244401,4,1,6.761169187,35.354229,10
edie,310,320,10,200,210,10,76.20792087,1441.865376,18.92015108,5,1,7.620792087,40.051816,10
edie,320,330,10,200,210,10,53.07523885,1605.38238,30.2472945,5,1,5.307523885,44.593955,10
edie,330,340,10,200,210,10,43.14880666,1440,33.37288123,4,1,4.314880666,40,10
edie,340,350,10,200,210,10,65.74211258,1931.929884,29.38648924,6,1,6.574211258,53.664719,10
edie,350,360,10,200,210,10,42.0071974,1349.145036,32.11699707,5,1,4.20071974,37.476251,10
edie,360,370,10,200,210,10,45.02973976,1398.92508,31.06669253,4,1,4.502973976,38.85903,10
edie,370,380,10,200,210,10,30.21505901,1080,35.74376603,3,1,3.021505901,30,10
edie,380,390,10,200,210,10,80.41218278,1911.8277,23.77534888,6,1,8.041218278,53.106325,10
edie,390,400,10,200,210,10,62.65639363,1233.22446,19.68234028,4,1,6.265639363,34.256235,10
edie,400,410,10,200,210,10,51.9217436,1534.94784,29.56271754,5,1,5.19217436,42.63744,10
edie,410,420,10,200,210,10,62.82341183,1715.608044,27.30841885,5,1,6.282341183,47.655779,10
edie,420,430,10,200,210,10,65.62111431,1669.171032,25.43649326,6,1,6.562111431,46.365862,10
edie,430,440,10,200,210,10,75.99990085,1560.470616,20.53253489,5,1,7.599990085,43.346406,10
edie,440,450,10,200,210,10,90.65434278,1157.182812,12.76478078,4,1,9.065434278,32.143967,10
edie,450,460,10,200,210,10,62.56224093,997.374672,15.94211871,4,1,6.256224093,27.704852,10
edie,460,470,10,200,210,10,68.7894396,1019.825028,14.8253138,4,1,6.87894396,28.328473,10
edie,470,480,10,200,210,10,54.7749262,1095.318072,19.99670557,4,1,5.47749262,30.425502,10
edie,480,490,10,200,210,10,40.77981543,1146.264876,28.10863325,4,1,4.077981543,31.840691,10
edie,490,500,10,200,210,10,30.76643036,1158.784848,37.66393547,4,1,3.076643036,32.188468,10
edie,500,510,10,200,210,10,40.9287163,1440,35.18312154,4,1,4.09287163,40,10
edie,510,520,10,200,210,10,37.24149252,1440,38.66654912,4,1,3.724149252,40,10
edie,520,530,10,200,210,10,36.37584769,1440,39.58670632,4,1,3.637584769,40,10
edie,530,540,10,200,210,10,33.88040238,1440,42.5024468,4,1,3.388040238,40,10
edie,540,550,10,200,210,10,36.48741431,1440,39.46566308,4,1,3.648741431,40,10
edie,550,560,10,200,210,10,49.78714643,1800,36.15390978,5,1,4.978714643,50,10
edie,560,570,10,200,210,10,97.13380939,699.188184,7.198195854,3,1,9.713380939,19.421894,10
edie,570,580,10,200,210,10,113.0027367,624.247524,5.524180583,3,1,11.30027367,17.340209,10
edie,580,590,10,200,210,10,35.67561765,1012.648824,28.38489957,4,1,3.567561765,28.129134,10
edie,590,600,10,200,210,10,50.97624932,1623.915468,31.85631524,5,1,5.097624932,45.108763,10
edie,600,610,10,200,210,10,30.48760061,1161.740196,38.10533373,4,1,3.048760061,32.270561,10
edie,610,620,10,200,210,10,37.96843747,1358.259804,35.77339217,4,1,3.796843747,37.729439,10
edie,620,630,10,200,210,10,42.03160672,1440,34.25993228,4,1,4.203160672,40,10
edie,630,640,10,200,210,10,62.07851058,2049.196428,33.00975505,6,1,6.207851058,56.922123,10
edie,640,650,10,200,210,10,76.04880688,1699.686468,22.34994259,6,1,7.604880688,47.213513,10
edie,650,660,10,200,210,10,69.89455149,1081.360656,15.47131547,4,1,6.989455149,30.037796,10
edie,660,670,10,200,210,10,52.11222373,1388.274084,26.64008527,5,1,5.211222373,38.563169,10
edie,670,680,10,200,210,10,45.38692064,1341.482364,29.5565847,4,1,4.538692064,37.263399,10
edie,680,690,10,200,210,10,45.42671546,1440,31.69940828,4,1,4.542671546,40,10
edie,690,700,10,200,210,10,44.47446605,1440,32.37812902,4,1,4.447446605,40,10
edie,700,710,10,200,210,10,41.03516184,1458.843984,35.55107178,5,1,4.103516184,40.523444,10
edie,710,720,10,200,210,10,59.69019611,1781.156016,29.84000945,5,1,5.969019611,49.476556,10
edie,720,730,10,200,210,10,60.53867851,1099.381644,18.15998748,4,1,6.053867851,30.538379,10
edie,730,740,10,200,210,10,101.4626025,1036.4562,10.21515489,3,1,10.14626025,28.79045,10
edie,740,750,10,200,210,10,63.12813611,605.849724,9.597142595,3,1,6.312813611,16.829159,10
edie,750,760,10,200,210,10,97.68810576,1119.008376,11.45490914,4,1,9.768810576,31.083566,10
edie,760,770,10,200,210,10,53.95726752,1179.304056,21.85625978,4,1,5.395726752,32.758446,10
edie,770,780,10,200,210,10,52.84158351,1080,20.43844882,3,1,5.284158351,30,10
edie,780,790,10,200,210,10,73.37516997,1201.659336,16.37692065,4,1,7.337516997,33.379426,10
edie,790,800,10,200,210,10,78.76872021,1228.220892,15.59274911,4,1,7.876872021,34.117247,10
edie,800,810,10,200,210,10,56.20005516,1170.119772,20.82061608,4,1,5.620005516,32.503327,10
edie,810,820,10,200,210,10,62.85076027,1429.499016,22.74433929,4,1,6.285076027,39.708306,10
edie,820,830,10,200,210,10,47.17132669,1328.066244,28.1540999,5,1,4.717132669,36.890729,10
edie,830,840,10,200,210,10,49.88087851,1562.43474,31.32332041,5,1,4.988087851,43.400965,10
edie,0,10,10,210,220,10,70.2376686,1370.256732,19.50885841,4,1,7.02376686,38.062687,10
edie,10,20,10,210,220,10,54.6557493,1426.850892,26.10614456,4,1,5.46557493,39.634747,10
edie,20,30,10,210,220,10,47.51376321,1453.149108,30.58375111,5,1,4.751376321,40.365253,10
edie,30,40,10,210,220,10,46.93260429,1212.661404,25.83835741,4,1,4.693260429,33.685039,10
edie,40,50,10,210,220,10,52.48143179,1577.149308,30.05156785,5,1,5.248143179,43.809703,10
edie,50,60,10,210,220,10,66.09136639,1880.013816,28.44567935,6,1,6.609136639,52.222606,10
edie,60,70,10,210,220,10,68.2861155,1810.175472,26.50869007,6,1,6.82861155,50.282652,10
edie,70,80,10,210,220,10,59.69634794,1440,24.12207865,4,1,5.969634794,40,10
edie,80,90,10,210,220,10,84.18157652,1772.893476,21.06035013,5,1,8.418157652,49.247041,10
edie,90,100,10,210,220,10,35.40411452,747.106524,21.10225137,3,1,3.540411452,20.752959,10
edie,100,110,10,210,220,10,57.3435991,1265.15538,22.06271319,4,1,5.73435991,35.143205,10
edie,110,120,10,210,220,10,53.46389297,1211.245956,22.65540141,4,1,5.346389297,33.645721,10
edie,120,130,10,210,220,10,69.93483273,1768.661604,25.29013848,6,1,6.993483273,49.129489,10
edie,130,140,10,210,220,10,46.37385797,1424.462472,30.71692834,5,1,4.637385797,39.568402,10
edie,140,150,10,210,220,10,38.83786748,1258.9704,32.41605375,5,1,3.883786748,34.9714,10
edie,150,160,10,210,220,10,49.6644763,1711.504188,34.46133565,5,1,4.96644763,47.541783,10
edie,160,170,10,210,220,10,59.60467169,1800,30.19897516,5,1,5.960467169,50,10
edie,170,180,10,210,220,10,57.12341271,1800,31.51072239,5,1,5.712341271,50,10
edie,180,190,10,210,220,10,43.64598357,1440,32.99272653,4,1,4.364598357,40,10
edie,190,200,10,210,220,10,44.42304569,1440,32.41560721,4,1,4.442304569,40,10
edie,200,210,10,210,220,10,80.441024,1315.136592,16.3490782,4,1,8.0441024,36.531572,10
edie,210,220,10,210,220,10,76.0566151,844.863408,11.10834879,3,1,7.60566151,23.468428,10
edie,220,230,10,210,220,10,51.4583135,1440,27.98381646,4,1,5.14583135,40,10
edie,230,240,10,210,220,10,45.88613334,1188.93816,25.91061991,4,1,4.588613334,33.02606,10
edie,240,250,10,210,220,10,63.77727514,1582.986852,24.82054695,5,1,6.377727514,43.971857,10
edie,250,260,10,210,220,10,42.18514925,1188.074988,28.16334679,4,1,4.218514925,33.002083,10
edie,260,270,10,210,220,10,55.07914931,1800,32.68024329,5,1,5.507914931,50,10
edie,270,280,10,210,220,10,51.37348959,1800,35.03752644,5,1,5.137348959,50,10
edie,280,290,10,210,220,10,42.5872616,1440,33.81292776,4,1,4.25872616,40,10
edie,290,300,10,210,220,10,42.6360403,1339.2,31.4100463,5,1,4.26360403,37.2,10
edie,300,310,10,210,220,10,78.81126552,1873.56546,23.77281278,6,1,7.881126552,52.043485,10
edie,310,320,10,210,220,10,55.56094219,1440,25.91748706,4,1,5.556094219,40,10
edie,320,330,10,210,220,10,51.55651995,1756.511064,34.06962041,5,1,5.155651995,48.791974,10
edie,330,340,10,210,220,10,35.20210656,1230.956748,34.96826946,5,1,3.520210656,34.193243,10
edie,340,350,10,210,220,10,63.62404606,2052.532188,32.26032161,6,1,6.362404606,57.014783,10
edie,350,360,10,210,220,10,37.12668703,1208.392992,32.54782715,4,1,3.712668703,33.566472,10
edie,360,370,10,210,220,10,42.55466962,1393.826364,32.75378182,5,1,4.255466962,38.717399,10
edie,370,380,10,210,220,10,35.82078526,1282.975272,35.81650326,4,1,3.582078526,35.638202,10
edie,380,390,10,210,220,10,70.58256704,1720.43604,24.3748012,6,1,7.058256704,47.78989,10
edie,390,400,10,210,220,10,52.1831824,1234.369332,23.654543,4,1,5.21831824,34.288037,10
edie,400,410,10,210,220,10,52.85436974,1789.407576,33.85543305,5,1,5.285436974,49.705766,10
edie,410,420,10,210,220,10,48.66844365,1450.592424,29.80560534,5,1,4.866844365,40.294234,10
edie,420,430,10,210,220,10,66.69772472,1720.64088,25.79759485,5,1,6.669772472,47.79558,10
edie,430,440,10,210,220,10,66.09634912,1412.458236,21.36968614,5,1,6.609634912,39.234951,10
edie,440,450,10,210,220,10,71.76079403,1186.900884,16.53968438,4,1,7.176079403,32.969469,10
edie,450,460,10,210,220,10,60.14130661,1066.41198,17.73177272,3,1,6.014130661,29.622555,10
edie,460,470,10,210,220,10,63.8894558,743.578758,11.63852076,4,1,6.38894558,20.6549655,10
edie,470,480,10,210,220,10,48.91238837,1081.09179,22.10261707,4,1,4.891238837,30.0303275,10
edie,480,490,10,210,220,10,39.25070104,1143.174204,29.12493723,4,1,3.925070104,31.754839,10
edie,490,500,10,210,220,10,33.5957605,1440,42.86255106,4,1,3.35957605,40,10
edie,500,510,10,210,220,10,37.36527274,1440,38.53845815,4,1,3.736527274,40,10
edie,510,520,10,210,220,10,35.02170075,1440,41.1173635,4,1,3.502170075,40,10
edie,520,530,10,210,220,10,27.34330485,1164.677256,42.5946045,4,1,2.734330485,32.352146,10
edie,530,540,10,210,220,10,40.30248987,1715.322744,42.56121022,5,1,4.030248987,47.647854,10
edie,540,550,10,210,220,10,24.4094601,1093.990356,44.81829386,4,1,2.44094601,30.388621,10
edie,550,560,10,210,220,10,51.87417082,1895.255064,36.53562137,6,1,5.187417082,52.645974,10
edie,560,570,10,210,220,10,80.31795108,607.96746,7.56950908,3,1,8.031795108,16.887985,10
edie,570,580,10,210,220,10,69.78739385,802.607076,11.50074579,3,1,6.978739385,22.294641,10
edie,580,590,10,210,220,10,34.8071421,1080,31.02811477,3,1,3.48071421,30,10
edie,590,600,10,210,220,10,43.24349808,1484.154648,34.32087398,5,1,4.324349808,41.226518,10
edie,600,610,10,210,220,10,36.22766478,1395.845352,38.52981859,4,1,3.622766478,38.773482,10
edie,610,620,10,210,220,10,39.56018921,1440,36.40023035,4,1,3.956018921,40,10
edie,620,630,10,210,220,10,35.16700103,1290.392892,36.69328786,4,1,3.516700103,35.844247,10
edie,630,640,10,210,220,10,57.37786216,1949.607108,33.97838529,6,1,5.737786216,54.155753,10
edie,640,650,10,210,220,10,74.90743088,1566.505656,20.9125535,5,1,7.490743088,43.514046,10
edie,650,660,10,210,220,10,72.84869917,1313.494344,18.03044336,4,1,7.284869917,36.485954,10
edie,660,670,10,210,220,10,48.92339607,1440,29.43377025,4,1,4.892339607,40,10
edie,670,680,10,210,220,10,44.07917957,1395.797832,31.66569446,4,1,4.407917957,38.772162,10
edie,680,690,10,210,220,10,38.994321,1244.61792,31.91792774,5,1,3.8994321,34.57272,10
edie,690,700,10,210,220,10,43.25104822,1502.172,34.73145881,5,1,4.325104822,41.727,10
edie,700,710,10,210,220,10,49.57840031,1588.550076,32.04117249,5,1,4.957840031,44.126391,10
edie,710,720,10,210,220,10,46.47866921,1369.345968,29.4618153,6,1,4.647866921,38.037388,10
edie,720,730,10,210,220,10,66.63891604,1285.39296,19.2889236,5,1,6.663891604,35.70536,10
edie,730,740,10,210,220,10,88.86486648,956.563056,10.76424344,3,1,8.886486648,26.571196,10
edie,740,750,10,210,220,10,77.15862196,733.551444,9.507057349,3,1,7.715862196,20.376429,10
edie,750,760,10,210,220,10,68.04156777,1080.351144,15.87781086,4,1,6.804156777,30.009754,10
edie,760,770,10,210,220,10,60.82645483,1443.6576,23.73404145,5,1,6.082645483,40.1016,10
edie,770,780,10,210,220,10,37.814349,819.655164,21.67577086,3,1,3.7814349,22.768199,10
edie,780,790,10,210,220,10,58.3660158,1042.165728,17.85569417,4,1,5.83660158,28.949048,10
edie,790,800,10,210,220,10,64.17075781,1378.179108,21.47674665,4,1,6.417075781,38.282753,10
edie,800,810,10,210,220,10,60.45025408,1440,23.82123983,4,1,6.045025408,40,10
edie,810,820,10,210,220,10,46.22199192,1080,23.36550103,3,1,4.622199192,30,10
edie,820,830,10,210,220,10,51.29252754,1440,28.07426479,4,1,5.129252754,40,10
edie,830,840,10,210,220,10,39.31339445,1444.246488,36.73675367,5,1,3.931339445,40.117958,10
edie,0,10,10,220,230,10,67.56323822,1322.50302,19.57429891,5,1,6.756323822,36.736195,10
edie,10,20,10,220,230,10,67.43238119,1753.8282,26.00869447,5,1,6.743238119,48.71745,10
edie,20,30,10,220,230,10,54.13662139,1582.269948,29.22734939,5,1,5.413662139,43.951943,10
edie,30,40,10,220,230,10,50.18617807,1297.730052,25.85831601,4,1,5.018617807,36.048057,10
edie,40,50,10,220,230,10,47.0307381,1440,30.61827346,4,1,4.70307381,40,10
edie,50,60,10,220,230,10,64.6383922,1800,27.8472273,5,1,6.46383922,50,10
edie,60,70,10,220,230,10,78.76652227,1985.766228,25.2107897,6,1,7.876652227,55.160173,10
edie,70,80,10,220,230,10,55.35773074,1312.715268,23.7133143,5,1,5.535773074,36.464313,10
edie,80,90,10,220,230,10,89.65933691,1655.330652,18.46244584,5,1,8.965933691,45.981407,10
edie,90,100,10,220,230,10,58.1060795,1101.846888,18.96267822,4,1,5.81060795,30.606858,10
edie,100,110,10,220,230,10,57.36176536,1131.330852,19.72273421,4,1,5.736176536,31.425857,10
edie,110,120,10,220,230,10,54.48507916,1093.010112,20.06072358,4,1,5.448507916,30.361392,10
edie,120,130,10,220,230,10,77.32263432,1800,23.27908271,5,1,7.732263432,50,10
edie,130,140,10,220,230,10,49.53526638,1440,29.07019797,4,1,4.953526638,40,10
edie,140,150,10,220,230,10,42.93073637,1440,33.54240159,4,1,4.293073637,40,10
edie,150,160,10,220,230,10,44.21467887,1475.241048,33.36541361,5,1,4.421467887,40.978918,10
edie,160,170,10,220,230,10,66.22159882,1927.855332,29.11218343,6,1,6.622159882,53.551537,10
edie,170,180,10,220,230,10,58.9582344,1659.065076,28.13966688,6,1,5.89582344,46.085141,10
edie,180,190,10,220,230,10,62.06360455,1777.838544,28.64542846,5,1,6.206360455,49.384404,10
edie,190,200,10,220,230,10,36.57088892,1091.024028,29.83312848,4,1,3.657088892,30.306223,10
edie,200,210,10,220,230,10,118.7931633,1228.264776,10.33952411,4,1,11.87931633,34.118466,10
edie,210,220,10,220,230,10,96.78485786,1052.085132,10.87034847,4,1,9.678485786,29.224587,10
edie,220,230,10,220,230,10,52.66792003,1380.066444,26.20316966,5,1,5.266792003,38.335179,10
edie,230,240,10,220,230,10,55.13090115,1359.532656,24.66008405,4,1,5.513090115,37.764796,10
edie,240,250,10,220,230,10,64.25870575,1449.026964,22.54989339,5,1,6.425870575,40.250749,10
edie,250,260,10,220,230,10,58.68311269,1440,24.53857565,4,1,5.868311269,40,10
edie,260,270,10,220,230,10,51.02467444,1558.041948,30.53506887,5,1,5.102467444,43.278943,10
edie,270,280,10,220,230,10,66.08456081,2041.958052,30.89916959,6,1,6.608456081,56.721057,10
edie,280,290,10,220,230,10,37.95342005,1283.78358,33.82524101,4,1,3.795342005,35.660655,10
edie,290,300,10,220,230,10,41.18509082,1236.21642,30.01611494,4,1,4.118509082,34.339345,10
edie,300,310,10,220,230,10,75.77993397,1838.478024,24.26074988,6,1,7.577993397,51.068834,10
edie,310,320,10,220,230,10,58.70034728,1591.018956,27.10408081,5,1,5.870034728,44.194971,10
edie,320,330,10,220,230,10,49.23752254,1610.50302,32.7088557,5,1,4.923752254,44.736195,10
edie,330,340,10,220,230,10,41.53187503,1440,34.67216443,4,1,4.153187503,40,10
edie,340,350,10,220,230,10,56.41889526,1822.369932,32.30070216,6,1,5.641889526,50.621387,10
edie,350,360,10,220,230,10,47.2057729,1417.630068,30.03086235,4,1,4.72057729,39.378613,10
edie,360,370,10,220,230,10,46.05697792,1440,31.26562065,4,1,4.605697792,40,10
edie,370,380,10,220,230,10,33.07851299,1080,32.64959342,3,1,3.307851299,30,10
edie,380,390,10,220,230,10,69.12600113,1583.872002,22.91282551,5,1,6.912600113,43.9964445,10
edie,390,400,10,220,230,10,58.22596595,1531.564524,26.3038062,5,1,5.822596595,42.543459,10
edie,400,410,10,220,230,10,42.67569906,1440,33.74285675,4,1,4.267569906,40,10
edie,410,420,10,220,230,10,44.80471629,1445.833872,32.26968033,5,1,4.480471629,40.162052,10
edie,420,430,10,220,230,10,72.90187076,1794.166128,24.61070079,5,1,7.290187076,49.837948,10
edie,430,440,10,220,230,10,69.21872561,1440,20.80361907,4,1,6.921872561,40,10
edie,440,450,10,220,230,10,70.41443112,1200.324312,17.04656692,4,1,7.041443112,33.342342,10
edie,450,460,10,220,230,10,60.18966262,959.675688,15.94419451,3,1,6.018966262,26.657658,10
edie,460,470,10,220,230,10,74.6248584,882.119772,11.82072289,3,1,7.46248584,24.503327,10
edie,470,480,10,220,230,10,57.77360318,1277.880228,22.11875593,4,1,5.777360318,35.496673,10
edie,480,490,10,220,230,10,45.51505029,1440,31.63788661,4,1,4.551505029,40,10
edie,490,500,10,220,230,10,30.80100411,1292.298516,41.95637621,4,1,3.080100411,35.897181,10
edie,500,510,10,220,230,10,36.71433585,1440,39.22173632,4,1,3.671433585,40,10
edie,510,520,10,220,230,10,29.48918907,1164.09204,39.47521369,4,1,2.948918907,32.33589,10
edie,520,530,10,220,230,10,33.88271947,1355.90796,40.01768398,4,1,3.388271947,37.66411,10
edie,530,540,10,220,230,10,37.29875804,1555.013448,41.69075674,5,1,3.729875804,43.194818,10
edie,540,550,10,220,230,10,31.83779493,1324.986552,41.6167814,4,1,3.183779493,36.805182,10
edie,550,560,10,220,230,10,55.70764402,1695.970332,30.44412238,5,1,5.570764402,47.110287,10
edie,560,570,10,220,230,10,96.38518934,520.358634,5.39874059,3,1,9.638518934,14.4544065,10
edie,570,580,10,220,230,10,74.75350736,985.469148,13.18291519,4,1,7.475350736,27.374143,10
edie,580,590,10,220,230,10,41.40165141,1189.483164,28.73033136,4,1,4.140165141,33.041199,10
edie,590,600,10,220,230,10,43.762611,1440,32.90480086,4,1,4.3762611,40,10
edie,600,610,10,220,230,10,37.07382882,1440,38.84141579,4,1,3.707382882,40,10
edie,610,620,10,220,230,10,40.57089239,1332.074988,32.83326813,4,1,4.057089239,37.002083,10
edie,620,630,10,220,230,10,35.67006005,1187.925012,33.30314023,4,1,3.567006005,32.997917,10
edie,630,640,10,220,230,10,63.31437284,1856.725848,29.32550327,6,1,6.331437284,51.575718,10
edie,640,650,10,220,230,10,76.19943696,1548.159084,20.31719847,5,1,7.619943696,43.004419,10
edie,650,660,10,220,230,10,77.83737321,1449.875556,18.62698465,5,1,7.783737321,40.274321,10
edie,660,670,10,220,230,10,55.87381335,1625.239512,29.08767837,5,1,5.587381335,45.145542,10
edie,670,680,10,220,230,10,41.33820242,1180.781712,28.56393464,4,1,4.133820242,32.799492,10
edie,680,690,10,220,230,10,47.95551774,1331.647056,27.76838034,4,1,4.795551774,36.990196,10
edie,690,700,10,220,230,10,51.11160215,1548.352944,30.29357091,5,1,5.111160215,43.009804,10
edie,700,710,10,220,230,10,44.90829286,1440,32.06534714,4,1,4.490829286,40,10
edie,710,720,10,220,230,10,49.07437014,1440,29.3432192,4,1,4.907437014,40,10
edie,720,730,10,220,230,10,70.30686326,1205.876556,17.15161935,4,1,7.030686326,33.496571,10
edie,730,740,10,220,230,10,96.85822463,954.123444,9.850721997,3,1,9.685822463,26.503429,10
edie,740,750,10,220,230,10,84.01932277,720,8.569457314,2,1,8.401932277,20,10
edie,750,760,10,220,230,10,82.54986567,1070.523144,12.96819971,3,1,8.254986567,29.736754,10
edie,760,770,10,220,230,10,75.35844701,1715.333688,22.76232799,6,1,7.535844701,47.648158,10
edie,770,780,10,220,230,10,38.2132652,801.155016,20.96536404,3,1,3.82132652,22.254306,10
edie,780,790,10,220,230,10,61.98754797,979.324344,15.79872694,4,1,6.198754797,27.203454,10
edie,790,800,10,220,230,10,62.5098219,1254.120408,20.06277365,5,1,6.25098219,34.836678,10
edie,800,810,10,220,230,10,60.7827897,1445.157216,23.77576322,5,1,6.07827897,40.143256,10
edie,810,820,10,220,230,10,50.30858449,1114.65216,22.15630138,4,1,5.030858449,30.96256,10
edie,820,830,10,220,230,10,57.76394929,1635.338196,28.31070618,5,1,5.776394929,45.426061,10
edie,830,840,10,220,230,10,37.4811982,1319.298948,35.19895338,5,1,3.74811982,36.647193,10
edie,0,10,10,230,240,10,55.33295057,1440,26.0242764,4,1,5.533295057,40,10
edie,10,20,10,230,240,10,53.02088264,1495.175004,28.1997381,5,1,5.302088264,41.532639,10
edie,20,30,10,230,240,10,69.93176283,1956.918672,27.98325958,6,1,6.993176283,54.358852,10
edie,30,40,10,230,240,10,50.15908614,1440,28.70865701,4,1,5.015908614,40,10
edie,40,50,10,230,240,10,37.80450625,1226.414016,32.44094786,4,1,3.780450625,34.067056,10
edie,50,60,10,230,240,10,73.2565751,2013.585984,27.48676117,6,1,7.32565751,55.932944,10
edie,60,70,10,230,240,10,65.09106588,1755.461304,26.96931261,5,1,6.509106588,48.762814,10
edie,70,80,10,230,240,10,62.41028568,1484.538696,23.78676335,5,1,6.241028568,41.237186,10
edie,80,90,10,230,240,10,69.46807749,1393.990956,20.06664077,4,1,6.946807749,38.721971,10
edie,90,100,10,230,240,10,54.48885697,1126.009044,20.66494154,4,1,5.448885697,31.278029,10
edie,100,110,10,230,240,10,55.42583537,1080,19.48549792,3,1,5.542583537,30,10
edie,110,120,10,230,240,10,66.52113493,1440,21.64725544,4,1,6.652113493,40,10
edie,120,130,10,230,240,10,57.33437287,1512.874152,26.38686143,5,1,5.733437287,42.024282,10
edie,130,140,10,230,240,10,56.50844956,1727.125848,30.56402824,5,1,5.650844956,47.975718,10
edie,140,150,10,230,240,10,39.5330403,1432.384848,36.2326003,4,1,3.95330403,39.788468,10
edie,150,160,10,230,240,10,44.95960312,1429.136928,31.78713398,5,1,4.495960312,39.698248,10
edie,160,170,10,230,240,10,63.22215967,1761.902352,27.86843033,6,1,6.322215967,48.941732,10
edie,170,180,10,230,240,10,58.61661028,1542.226464,26.31040002,6,1,5.861661028,42.839624,10
edie,180,190,10,230,240,10,67.16628549,1827.135792,27.20316865,6,1,6.716628549,50.753772,10
edie,190,200,10,230,240,10,53.05950639,1367.213616,25.76755249,4,1,5.305950639,37.978156,10
edie,200,210,10,230,240,10,89.59638995,770.69808,8.601887648,3,1,8.959638995,21.40828,10
edie,210,220,10,230,240,10,82.04745582,1288.637244,15.70599882,4,1,8.204745582,35.795479,10
edie,220,230,10,230,240,10,57.6586388,1489.454532,25.83228746,5,1,5.76586388,41.373737,10
edie,230,240,10,230,240,10,43.06037768,1131.210144,26.27032564,4,1,4.306037768,31.422504,10
edie,240,250,10,230,240,10,64.9041085,1485.22266,22.88333812,5,1,6.49041085,41.256185,10
edie,250,260,10,230,240,10,52.67076937,1434.831804,27.24151975,5,1,5.267076937,39.856439,10
edie,260,270,10,230,240,10,58.79148309,1719.905724,29.2543347,5,1,5.879148309,47.775159,10
edie,270,280,10,230,240,10,68.2696794,1956.541932,28.65901743,7,1,6.82696794,54.348387,10
edie,280,290,10,230,240,10,44.39164174,1323.49788,29.81412329,4,1,4.439164174,36.76383,10
edie,290,300,10,230,240,10,45.97940552,1306.25226,28.40950737,4,1,4.597940552,36.284785,10
edie,300,310,10,230,240,10,76.71895716,1756.339164,22.89315743,6,1,7.671895716,48.787199,10
edie,310,320,10,230,240,10,57.58260665,1617.408576,28.08849182,5,1,5.758260665,44.928016,10
edie,320,330,10,230,240,10,56.25245503,1800,31.99860342,5,1,5.625245503,50,10
edie,330,340,10,230,240,10,34.55620527,1206.93726,34.92678813,4,1,3.455620527,33.526035,10
edie,340,350,10,230,240,10,54.51518023,1789.850124,32.83214174,6,1,5.451518023,49.718059,10
edie,350,360,10,230,240,10,48.71032825,1528.660404,31.38267507,5,1,4.871032825,42.462789,10
edie,360,370,10,230,240,10,53.90041652,1594.552212,29.58330037,5,1,5.390041652,44.293117,10
edie,370,380,10,230,240,10,38.06988818,1080,28.36887765,3,1,3.806988818,30,10
edie,380,390,10,230,240,10,65.58332164,1440,21.95680188,4,1,6.558332164,40,10
edie,390,400,10,230,240,10,52.91453662,1583.901252,29.93319706,5,1,5.291453662,43.997257,10
edie,400,410,10,230,240,10,43.15409665,1522.636308,35.2837025,5,1,4.315409665,42.295453,10
edie,410,420,10,230,240,10,41.47029799,1321.68006,31.87052238,5,1,4.147029799,36.713335,10
edie,420,430,10,230,240,10,75.10184696,1764.404172,23.49348576,6,1,7.510184696,49.011227,10
edie,430,440,10,230,240,10,78.32384538,1612.284264,20.5848456,5,1,7.832384538,44.785674,10
edie,440,450,10,230,240,10,58.06840854,1050.702588,18.0942205,4,1,5.806840854,29.186183,10
edie,450,460,10,230,240,10,78.75383779,1104.085332,14.01944798,4,1,7.875383779,30.669037,10
edie,460,470,10,230,240,10,68.83293019,840.306024,12.2079072,3,1,6.883293019,23.341834,10
edie,470,480,10,230,240,10,60.79813561,1440,23.68493681,4,1,6.079813561,40,10
edie,480,490,10,230,240,10,47.80412896,1222.310196,25.56913435,4,1,4.780412896,33.953061,10
edie,490,500,10,230,240,10,33.4556089,1297.689804,38.78840788,4,1,3.34556089,36.046939,10
edie,500,510,10,230,240,10,34.64035429,1432.472652,41.35271366,4,1,3.464035429,39.790907,10
edie,510,520,10,230,240,10,26.24244215,1087.527348,41.44154503,4,1,2.624244215,30.209093,10
edie,520,530,10,230,240,10,34.97018782,1372.30866,39.24224448,4,1,3.497018782,38.119685,10
edie,530,540,10,230,240,10,36.62070053,1507.69134,41.17046693,5,1,3.662070053,41.880315,10
edie,540,550,10,230,240,10,34.91180633,1440,41.24679159,4,1,3.491180633,40,10
edie,550,560,10,230,240,10,62.41549453,1440,23.07119427,4,1,6.241549453,40,10
edie,560,570,10,230,240,10,90.28734345,360,3.987269824,1,1,9.028734345,10,10
edie,570,580,10,230,240,10,58.42414741,1080,18.48550724,3,1,5.842414741,30,10
edie,580,590,10,230,240,10,42.66974328,1152.874152,27.01853968,4,1,4.266974328,32.024282,10
edie,590,600,10,230,240,10,45.13879762,1450.863108,32.14226308,5,1,4.513879762,40.301753,10
edie,600,610,10,230,240,10,43.83656916,1569.940164,35.81348162,5,1,4.383656916,43.609449,10
edie,610,620,10,230,240,10,41.17106283,1226.322576,29.78603154,4,1,4.117106283,34.064516,10
edie,620,630,10,230,240,10,46.43810246,1440,31.00901897,4,1,4.643810246,40,10
edie,630,640,10,230,240,10,57.52631399,1562.372568,27.15926781,5,1,5.752631399,43.399238,10
edie,640,650,10,230,240,10,76.27138803,1478.382948,19.38319186,5,1,7.627138803,41.066193,10
edie,650,660,10,230,240,10,77.79570691,1639.244484,21.07114324,5,1,7.779570691,45.534569,10
edie,660,670,10,230,240,10,55.61482789,1683.029736,30.26224839,5,1,5.561482789,46.750826,10
edie,670,680,10,230,240,10,54.21133394,1556.970264,28.72038282,5,1,5.421133394,43.249174,10
edie,680,690,10,230,240,10,39.38762042,1080,27.41978288,3,1,3.938762042,30,10
edie,690,700,10,230,240,10,65.24530975,1781.949708,27.31153726,5,1,6.524530975,49.498603,10
edie,700,710,10,230,240,10,45.46849923,1458.050292,32.06726232,5,1,4.546849923,40.501397,10
edie,710,720,10,230,240,10,48.67553632,1243.224396,25.54105183,4,1,4.867553632,34.534011,10
edie,720,730,10,230,240,10,89.39027708,1176.198732,13.1580164,4,1,8.939027708,32.672187,10
edie,730,740,10,230,240,10,92.13005769,886.033404,9.617202313,4,1,9.213005769,24.612039,10
edie,740,750,10,230,240,10,89.88587962,887.467212,9.873266143,3,1,8.988587962,24.651867,10
edie,750,760,10,230,240,10,47.64420341,847.076256,17.77920912,3,1,4.764420341,23.529896,10
edie,760,770,10,230,240,10,75.44469962,1800,23.85853491,5,1,7.544469962,50,10
edie,770,780,10,230,240,10,28.57436228,720,25.19741273,2,1,2.857436228,20,10
edie,780,790,10,230,240,10,66.45679518,1080,16.25115983,3,1,6.645679518,30,10
edie,790,800,10,230,240,10,79.1786366,1440,18.18672387,4,1,7.91786366,40,10
edie,800,810,10,230,240,10,54.74862377,1334.035476,24.36655726,4,1,5.474862377,37.056541,10
edie,810,820,10,230,240,10,46.79235138,1140.997896,24.3842821,4,1,4.679235138,31.694386,10
edie,820,830,10,230,240,10,49.89930849,1484.966628,29.75926266,5,1,4.989930849,41.249073,10
edie,830,840,10,230,240,10,40.01187458,1440,35.98931605,4,1,4.001187458,40,10
edie,0,10,10,240,250,10,53.22581067,1570.258368,29.50182155,5,1,5.322581067,43.618288,10
edie,10,20,10,240,250,10,42.89318141,1249.764192,29.13666347,5,1,4.289318141,34.715672,10
edie,20,30,10,240,250,10,80.19266858,2333.0304,29.09281411,7,1,8.019266858,64.8064,10
edie,30,40,10,240,250,10,40.84071966,1201.231404,29.4125915,5,1,4.084071966,33.367539,10
edie,40,50,10,240,250,10,46.30952589,1431.090072,30.90271482,4,1,4.630952589,39.752502,10
edie,50,60,10,240,250,10,62.7148022,1879.882128,29.97509459,6,1,6.27148022,52.218948,10
edie,60,70,10,240,250,10,60.21346971,1720.117872,28.56699473,5,1,6.021346971,47.781052,10
edie,70,80,10,240,250,10,59.66300075,1503.368064,25.19766095,5,1,5.966300075,41.760224,10
edie,80,90,10,240,250,10,64.34688746,1364.185116,21.20048335,4,1,6.434688746,37.894031,10
edie,90,100,10,240,250,10,66.39696561,1452.44682,21.87519876,5,1,6.639696561,40.345745,10
edie,100,110,10,240,250,10,44.83201891,788.821524,17.59504799,3,1,4.483201891,21.911709,10
edie,110,120,10,240,250,10,72.54837103,1731.178476,23.86240313,5,1,7.254837103,48.088291,10
edie,120,130,10,240,250,10,47.70199387,1302.298416,27.30071241,4,1,4.770199387,36.174956,10
edie,130,140,10,240,250,10,54.14034269,1711.62486,31.61459228,6,1,5.414034269,47.545135,10
edie,140,150,10,240,250,10,36.35274405,1306.076724,35.9278717,4,1,3.635274405,36.279909,10
edie,150,160,10,240,250,10,43.91618184,1440,32.7897358,4,1,4.391618184,40,10
edie,160,170,10,240,250,10,59.43234736,1800,30.28653722,5,1,5.943234736,50,10
edie,170,180,10,240,250,10,57.51667285,1481.411448,25.75620902,5,1,5.751667285,41.150318,10
edie,180,190,10,240,250,10,71.83671576,1926.02286,26.81112074,6,1,7.183671576,53.500635,10
edie,190,200,10,240,250,10,59.48766194,1268.392356,21.32193995,5,1,5.948766194,35.233121,10
edie,200,210,10,240,250,10,103.011274,948.523644,9.207959546,4,1,10.3011274,26.347879,10
edie,210,220,10,240,250,10,60.10150026,1158.642216,19.27809141,4,1,6.010150026,32.184506,10
edie,220,230,10,240,250,10,64.49891482,1497.007476,23.20980873,5,1,6.449891482,41.583541,10
edie,230,240,10,240,250,10,52.68894205,1440,27.33021283,4,1,5.268894205,40,10
edie,240,250,10,240,250,10,46.3656199,1225.85076,26.43878724,4,1,4.63656199,34.05141,10
edie,250,260,10,240,250,10,61.79018,1846.036476,29.87588766,6,1,6.179018,51.278791,10
edie,260,270,10,240,250,10,55.337321,1592.032104,28.76959121,5,1,5.5337321,44.223114,10
edie,270,280,10,240,250,10,75.02065886,2040.677892,27.20154585,6,1,7.502065886,56.685497,10
edie,280,290,10,240,250,10,53.80752137,1531.57914,28.46403441,5,1,5.380752137,42.543865,10
edie,290,300,10,240,250,10,41.64118139,1107.742968,26.60210232,4,1,4.164118139,30.770638,10
edie,300,310,10,240,250,10,62.53244333,1721.288304,27.52632413,5,1,6.253244333,47.813564,10
edie,310,320,10,240,250,10,50.58195253,1560.375504,30.84846325,6,1,5.058195253,43.343764,10
edie,320,330,10,240,250,10,60.47279177,1907.818956,31.54838565,6,1,6.047279177,52.994971,10
edie,330,340,10,240,250,10,39.16072632,1290.517236,32.95437437,4,1,3.916072632,35.847701,10
edie,340,350,10,240,250,10,54.98762952,1800,32.73463533,5,1,5.498762952,50,10
edie,350,360,10,240,250,10,44.62456644,1440,32.26922108,4,1,4.462456644,40,10
edie,360,370,10,240,250,10,58.67690965,1603.045152,27.31986333,5,1,5.867690965,44.529032,10
edie,370,380,10,240,250,10,56.83657879,1204.014852,21.18380236,4,1,5.683657879,33.444857,10
edie,380,390,10,240,250,10,58.86968103,1271.227032,21.59391744,5,1,5.886968103,35.311862,10
edie,390,400,10,240,250,10,61.20399042,1841.041998,30.08042425,6,1,6.120399042,51.1400555,10
edie,400,410,10,240,250,10,40.41688944,1440,35.6286696,4,1,4.041688944,40,10
edie,410,420,10,240,250,10,47.44862731,1440,30.34861242,4,1,4.744862731,40,10
edie,420,430,10,240,250,10,76.8391469,1712.049192,22.28095003,5,1,7.68391469,47.556922,10
edie,430,440,10,240,250,10,75.70655062,1527.950808,20.18254425,5,1,7.570655062,42.443078,10
edie,440,450,10,240,250,10,62.96143218,1080,17.15335822,3,1,6.296143218,30,10
edie,450,460,10,240,250,10,82.02755332,949.78188,11.57881518,3,1,8.202755332,26.38283,10
edie,460,470,10,240,250,10,70.48696866,1051.580376,14.91879132,4,1,7.048696866,29.210566,10
edie,470,480,10,240,250,10,53.71610899,1307.821392,24.34691225,5,1,5.371610899,36.328372,10
edie,480,490,10,240,250,10,51.43055909,1370.816352,26.65373226,4,1,5.143055909,38.078232,10
edie,490,500,10,240,250,10,37.15102867,1324.474488,35.65108519,4,1,3.715102867,36.790958,10
edie,500,510,10,240,250,10,28.87388559,1195.525512,41.40507894,4,1,2.887388559,33.209042,10
edie,510,520,10,240,250,10,27.60277025,1189.837944,43.10574385,4,1,2.760277025,33.051054,10
edie,520,530,10,240,250,10,34.85980131,1330.162056,38.15747669,4,1,3.485980131,36.948946,10
edie,530,540,10,240,250,10,41.87787962,1684.276956,40.21877352,5,1,4.187787962,46.785471,10
edie,540,550,10,240,250,10,34.69123617,1357.232004,39.12319519,5,1,3.469123617,37.700889,10
edie,550,560,10,240,250,10,75.61873222,1298.055564,17.16579379,5,1,7.561873222,36.057099,10
edie,560,570,10,240,250,10,81.87185604,360,4.397115412,2,1,8.187185604,10,10
edie,570,580,10,240,250,10,55.61139119,1148.920308,20.65980159,4,1,5.561139119,31.914453,10
edie,580,590,10,240,250,10,46.31048539,1351.515168,29.18378325,4,1,4.631048539,37.542088,10
edie,590,600,10,240,250,10,45.09590115,1440,31.93194866,4,1,4.509590115,40,10
edie,600,610,10,240,250,10,43.73878518,1440,32.92272508,4,1,4.373878518,40,10
edie,610,620,10,240,250,10,43.44880489,1225.620324,28.20837828,4,1,4.344880489,34.045009,10
edie,620,630,10,240,250,10,50.65910601,1467.4869,28.96787993,5,1,5.065910601,40.763525,10
edie,630,640,10,240,250,10,54.94682023,1414.619892,25.74525489,5,1,5.494682023,39.294997,10
edie,640,650,10,240,250,10,65.11704882,1411.437744,21.67539484,5,1,6.511704882,39.206604,10
edie,650,660,10,240,250,10,86.91781614,1837.548972,21.14122344,6,1,8.691781614,51.043027,10
edie,660,670,10,240,250,10,56.95347949,1643.286168,28.85313035,5,1,5.695347949,45.646838,10
edie,670,680,10,240,250,10,51.46237038,1481.521176,28.78843638,5,1,5.146237038,41.153366,10
edie,680,690,10,240,250,10,51.02235775,1398.478824,27.4091376,4,1,5.102235775,38.846634,10
edie,690,700,10,240,250,10,58.34635908,1440,24.68020323,4,1,5.834635908,40,10
edie,700,710,10,240,250,10,55.86528255,1739.239812,31.13274887,5,1,5.586528255,48.312217,10
edie,710,720,10,240,250,10,48.19977775,1085.55228,22.52193539,4,1,4.819977775,30.15423,10
edie,720,730,10,240,250,10,94.99029055,1135.207908,11.95077835,4,1,9.499029055,31.533553,10
edie,730,740,10,240,250,10,82.74628382,748.8,9.049348991,3,1,8.274628382,20.8,10
edie,740,750,10,240,250,10,93.44866667,954.053964,10.20939087,4,1,9.344866667,26.501499,10
edie,750,760,10,240,250,10,42.44022712,931.351176,21.94500923,4,1,4.244022712,25.870866,10
edie,760,770,10,240,250,10,76.8799817,1761.156216,22.90786466,6,1,7.68799817,48.921006,10
edie,770,780,10,240,250,10,43.0579435,1004.638644,23.33224865,3,1,4.30579435,27.906629,10
edie,780,790,10,240,250,10,58.71017336,981.021492,16.70956558,3,1,5.871017336,27.250597,10
edie,790,800,10,240,250,10,56.91464879,1286.380476,22.60192241,5,1,5.691464879,35.732791,10
edie,800,810,10,240,250,10,51.1471575,1332.598032,26.05419533,4,1,5.11471575,37.016612,10
edie,810,820,10,240,250,10,39.72424237,1080,27.18742852,3,1,3.972424237,30,10
edie,820,830,10,240,250,10,49.05423532,1547.32518,31.54315158,5,1,4.905423532,42.981255,10
edie,830,840,10,240,250,10,44.78413705,1615.894344,36.08184617,5,1,4.478413705,44.885954,10
edie,0,10,10,150,175,25,78.99311299,1446.24132,18.30844823,6,1,19.74827825,100.433425,25
edie,10,20,10,150,175,25,91.0557284,1407.959366,15.46261165,6,1,22.7639321,97.774956,25
edie,20,30,10,150,175,25,94.98869632,1176.775906,12.38858887,5,1,23.74717408,81.720549,25
edie,30,40,10,150,175,25,67.97663534,1143.076162,16.8157214,5,1,16.99415884,79.380289,25
edie,40,50,10,150,175,25,59.24623105,1516.56251,25.59762003,7,1,14.81155776,105.316841,25
edie,50,60,10,150,175,25,80.90684802,1910.287829,23.61095353,7,1,20.22671201,132.658877,25
edie,60,70,10,150,175,25,57.00676902,1422.692942,24.95656159,6,1,14.25169226,98.798121,25
edie,70,80,10,150,175,25,72.60889218,1725.863947,23.76931937,6,1,18.15222305,119.851663,25
edie,80,90,10,150,175,25,51.95831485,1154.448403,22.21874221,5,1,12.98957871,80.170028,25
edie,90,100,10,150,175,25,68.83195064,1260.353693,18.31059096,6,1,17.20798766,87.524562,25
edie,100,110,10,150,175,25,65.36821483,1096.598966,16.77572149,6,1,16.34205371,76.152706,25
edie,110,120,10,150,175,25,95.90675284,1628.671075,16.98181856,6,1,23.97668821,113.102158,25
edie,120,130,10,150,175,25,60.05717758,1250.174578,20.81640577,5,1,15.01429439,86.817679,25
edie,130,140,10,150,175,25,51.77297807,1358.932781,26.24791603,5,1,12.94324452,94.370332,25
edie,140,150,10,150,175,25,49.3584902,1320.786878,26.75906157,5,1,12.33962255,91.721311,25
edie,150,160,10,150,175,25,62.25948147,1819.194394,29.21955581,6,1,15.56487037,126.332944,25
edie,160,170,10,150,175,25,42.1027446,1225.626178,29.11036297,5,1,10.52568615,85.112929,25
edie,170,180,10,150,175,25,58.85250133,2014.742506,34.23376169,7,1,14.71312533,139.912674,25
edie,180,190,10,150,175,25,53.97093709,1762.380778,32.65425565,7,1,13.49273427,122.387554,25
edie,190,200,10,150,175,25,51.04810566,1520.680968,29.78917529,6,1,12.76202642,105.602845,25
edie,200,210,10,150,175,25,51.1262962,1520.961134,29.74909679,6,1,12.78157405,105.622301,25
edie,210,220,10,150,175,25,68.2899994,1062.812909,15.56322914,5,1,17.07249985,73.806452,25
edie,220,230,10,150,175,25,83.25521347,764.9044416,9.187465982,4,1,20.81380337,53.118364,25
edie,230,240,10,150,175,25,59.50816298,1335.161275,22.43660715,5,1,14.87704074,92.719533,25
edie,240,250,10,150,175,25,46.58229409,1226.671502,26.33342832,5,1,11.64557352,85.185521,25
edie,250,260,10,150,175,25,64.37261368,1611.535205,25.03448458,6,1,16.09315342,111.912167,25
edie,260,270,10,150,175,25,54.27596599,1411.51091,26.0061868,5,1,13.5689915,98.021591,25
edie,270,280,10,150,175,25,45.73447181,1457.309981,31.86458536,6,1,11.43361795,101.202082,25
edie,280,290,10,150,175,25,38.38854618,1327.757544,34.58733596,5,1,9.597136546,92.205385,25
edie,290,300,10,150,175,25,70.3297087,2152.073232,30.59977457,8,1,17.58242718,149.44953,25
edie,300,310,10,150,175,25,60.78166113,1731.367195,28.48502596,7,1,15.19541528,120.233833,25
edie,310,320,10,150,175,25,78.82321813,1438.915882,18.25497507,6,1,19.70580453,99.924714,25
edie,320,330,10,150,175,25,58.92607096,1170.736459,19.86788598,4,1,14.73151774,81.301143,25
edie,330,340,10,150,175,25,57.65088198,1696.965206,29.43519939,6,1,14.4127205,117.844806,25
edie,340,350,10,150,175,25,46.85073464,1557.921989,33.25288281,5,1,11.71268366,108.189027,25
edie,350,360,10,150,175,25,51.88647408,1634.938762,31.5099222,5,1,12.97161852,113.537414,25
edie,360,370,10,150,175,25,35.79388277,1317.73716,36.81459115,5,1,8.948470693,91.509525,25
edie,370,380,10,150,175,25,50.66064704,1726.951738,34.08862378,7,1,12.66516176,119.927204,25
edie,380,390,10,150,175,25,52.18755819,1763.758958,33.79654116,6,1,13.04688955,122.483261,25
edie,390,400,10,150,175,25,36.55247755,1143.580925,31.28600307,5,1,9.138119387,79.415342,25
edie,400,410,10,150,175,25,60.99581669,1522.493669,24.96062437,6,1,15.24895417,105.728727,25
edie,410,420,10,150,175,25,78.237224,1968.761275,25.16399707,8,1,19.559306,136.719533,25
edie,420,430,10,150,175,25,70.57194477,1538.381592,21.79876999,6,1,17.64298619,106.832055,25
edie,430,440,10,150,175,25,64.45298092,1574.768923,24.43283306,5,1,16.11324523,109.358953,25
edie,440,450,10,150,175,25,51.31633108,1177.27992,22.94162297,5,1,12.82908277,81.75555,25
edie,450,460,10,150,175,25,88.88002083,997.4361096,11.22227583,5,1,22.22000521,69.2663965,25
edie,460,470,10,150,175,25,68.54791989,821.129904,11.97891789,4,1,17.13697997,57.02291,25
edie,470,480,10,150,175,25,51.54020882,902.8898784,17.51816493,4,1,12.8850522,62.700686,25
edie,480,490,10,150,175,25,50.13148678,1221.062213,24.35719128,5,1,12.5328717,84.795987,25
edie,490,500,10,150,175,25,49.01928425,1355.741899,27.65731732,5,1,12.25482106,94.148743,25
edie,500,510,10,150,175,25,40.06282086,1210.729464,30.22077423,4,1,10.01570521,84.078435,25
edie,510,520,10,150,175,25,36.55489018,1215.062266,33.23939039,4,1,9.138722546,84.379324,25
edie,520,530,10,150,175,25,45.16769025,1458.372902,32.28796723,5,1,11.29192256,101.275896,25
edie,530,540,10,150,175,25,38.05354262,1378.675094,36.22987505,5,1,9.513385656,95.741326,25
edie,540,550,10,150,175,25,44.1436722,1815.83231,41.13460027,6,1,11.03591805,126.099466,25
edie,550,560,10,150,175,25,48.95318309,1711.730232,34.96667885,7,1,12.23829577,118.870155,25
edie,560,570,10,150,175,25,44.24689775,1317.029774,29.76547151,5,1,11.06172444,91.460401,25
edie,570,580,10,150,175,25,77.23627062,580.02264,7.509718366,4,1,19.30906765,40.27935,25
edie,580,590,10,150,175,25,101.2283866,652.4030304,6.44486248,4,1,25.30709664,45.305766,25
edie,590,600,10,150,175,25,45.82723705,1194.494083,26.06515601,5,1,11.45680926,82.950978,25
edie,600,610,10,150,175,25,50.82785427,1365.907118,26.87320049,5,1,12.70696357,94.854661,25
edie,610,620,10,150,175,25,47.18981676,1406.853302,29.81264601,5,1,11.79745419,97.698146,25
edie,620,630,10,150,175,25,38.55688784,1273.474994,33.02846951,5,1,9.63922196,88.4357635,25
edie,630,640,10,150,175,25,50.19144541,1662.607094,33.12530812,7,1,12.54786135,115.458826,25
edie,640,650,10,150,175,25,61.33360954,1867.44335,30.44730882,7,1,15.33340238,129.683566,25
edie,650,660,10,150,175,25,88.08237029,1407.796963,15.98273251,6,1,22.02059257,97.763678,25
edie,660,670,10,150,175,25,81.65973616,999.757944,12.24297299,5,1,20.41493404,69.427635,25
edie,670,680,10,150,175,25,54.07799111,1171.64867,21.66590597,4,1,13.51949778,81.364491,25
edie,680,690,10,150,175,25,57.36425314,1534.361875,26.74770072,5,1,14.34106328,106.552908,25
edie,690,700,10,150,175,25,58.22048652,1522.432238,26.14942488,5,1,14.55512163,105.724461,25
edie,700,710,10,150,175,25,40.8257039,1104.124838,27.04484511,4,1,10.20642597,76.675336,25
edie,710,720,10,150,175,25,55.49487433,1839.848904,33.15349257,6,1,13.87371858,127.767285,25
edie,720,730,10,150,175,25,46.60255116,1546.752384,33.19029421,5,1,11.65063779,107.41336,25
edie,730,740,10,150,175,25,42.44795589,967.511016,22.79287649,5,1,10.61198897,67.188265,25
edie,740,750,10,150,175,25,101.7625384,1201.131187,11.80327462,6,1,25.4406346,83.411888,25
edie,750,760,10,150,175,25,103.8926758,804.7891872,7.746351521,4,1,25.97316895,55.888138,25
edie,760,770,10,150,175,25,66.74731745,859.323384,12.87427595,5,1,16.68682936,59.675235,25
edie,770,780,10,150,175,25,75.08078734,1208.86043,16.10079587,5,1,18.77019684,83.948641,25
edie,780,790,10,150,175,25,79.10213396,1418.282582,17.92976386,6,1,19.77553349,98.491846,25
edie,790,800,10,150,175,25,76.27144487,1081.049011,14.17370568,5,1,19.06786122,75.072848,25
edie,800,810,10,150,175,25,56.67037524,903.2066208,15.93789731,4,1,14.16759381,62.722682,25
edie,810,820,10,150,175,25,60.0871044,1172.443104,19.51239148,6,1,15.0217761,81.41966,25
edie,820,830,10,150,175,25,53.72144299,1284.106925,23.90306092,5,1,13.43036075,89.174092,25
edie,830,840,10,150,175,25,50.51211841,1444.38035,28.59472926,5,1,12.6280296,100.304191,25
edie,0,10,10,175,200,25,79.74811029,1251.238205,15.68987905,5,1,19.93702757,86.891542,25
edie,10,20,10,175,200,25,85.28649614,1349.873626,15.82751885,6,1,21.32162403,93.741224,25
edie,20,30,10,175,200,25,71.36798471,1368.78565,19.17926722,5,1,17.84199618,95.054559,25
edie,30,40,10,175,200,25,52.98540974,1148.452862,21.67488877,4,1,13.24635244,79.753671,25
edie,40,50,10,175,200,25,75.8655834,1883.135218,24.82199613,7,1,18.96639585,130.773279,25
edie,50,60,10,175,200,25,79.36565143,1873.662739,23.60798035,7,1,19.84141286,130.115468,25
edie,60,70,10,175,200,25,70.98874199,1579.02493,22.24331472,7,1,17.7471855,109.654509,25
edie,70,80,10,175,200,25,67.43353273,1643.774083,24.3762119,6,1,16.85838318,114.150978,25
edie,80,90,10,175,200,25,64.05562496,1395.63396,21.78784394,5,1,16.01390624,96.919025,25
edie,90,100,10,175,200,25,48.29755758,912.357216,18.8903386,4,1,12.07438939,63.35814,25
edie,100,110,10,175,200,25,81.3275199,1457.538955,17.92184192,5,1,20.33187998,101.217983,25
edie,110,120,10,175,200,25,64.22983876,1205.284032,18.76517294,5,1,16.05745969,83.70028,25
edie,120,130,10,175,200,25,69.87145376,1451.402957,20.772474,6,1,17.46786344,100.791872,25
edie,130,140,10,175,200,25,68.54160116,1583.164598,23.09786424,6,1,17.13540029,109.941986,25
edie,140,150,10,175,200,25,50.47166272,1223.787125,24.24701424,6,1,12.61791568,84.985217,25
edie,150,160,10,175,200,25,60.03156666,1698.99372,28.30167218,6,1,15.00789166,117.985675,25
edie,160,170,10,175,200,25,53.19757713,1645.408296,30.93013601,6,1,13.29939428,114.264465,25
edie,170,180,10,175,200,25,46.27515014,1627.570152,35.17158015,5,1,11.56878753,113.025705,25
edie,180,190,10,175,200,25,51.3257151,1719.026424,33.49249827,6,1,12.83142877,119.376835,25
edie,190,200,10,175,200,25,50.25936279,1615.467125,32.14261056,5,1,12.5648407,112.185217,25
edie,200,210,10,175,200,25,53.58828806,1424.00821,26.57312374,5,1,13.39707201,98.889459,25
edie,210,220,10,175,200,25,108.158961,735.4716768,6.799914405,4,1,27.03974024,51.074422,25
edie,220,230,10,175,200,25,69.24352466,1213.239326,17.52133983,5,1,17.31088116,84.252731,25
edie,230,240,10,175,200,25,53.40408389,1344.62569,25.17833079,5,1,13.35102097,93.376784,25
edie,240,250,10,175,200,25,53.58802975,1402.655098,26.17478388,5,1,13.39700744,97.406604,25
edie,250,260,10,175,200,25,48.6923019,1381.15715,28.36500014,5,1,12.17307548,95.913691,25
edie,260,270,10,175,200,25,58.8398751,1760.994533,29.9285906,6,1,14.70996878,122.291287,25
edie,270,280,10,175,200,25,46.47570956,1588.141152,34.17142346,6,1,11.61892739,110.28758,25
edie,280,290,10,175,200,25,37.43593973,1350.77413,36.08228187,4,1,9.358984933,93.803759,25
edie,290,300,10,175,200,25,54.63084535,1799.239219,32.93449347,7,1,13.65771134,124.947168,25
edie,300,310,10,175,200,25,77.27268481,1769.356555,22.897568,6,1,19.3181712,122.871983,25
edie,310,320,10,175,200,25,81.31210802,1335.13933,16.41993255,6,1,20.32802701,92.718009,25
edie,320,330,10,175,200,25,54.76668457,1479.96229,27.02303967,5,1,13.69167114,102.775159,25
edie,330,340,10,175,200,25,50.42096008,1532.773742,30.39953503,6,1,12.60524002,106.442621,25
edie,340,350,10,175,200,25,57.01549997,1743.624576,30.58158881,7,1,14.25387499,121.08504,25
edie,350,360,10,175,200,25,50.36832259,1581.874186,31.40613196,5,1,12.59208065,109.852374,25
edie,360,370,10,175,200,25,32.23041211,1057.843685,32.82128945,4,1,8.057603027,73.461367,25
edie,370,380,10,175,200,25,42.6705539,1504.913026,35.26818586,5,1,10.66763847,104.507849,25
edie,380,390,10,175,200,25,66.30202019,1894.066344,28.56724936,7,1,16.57550505,131.532385,25
edie,390,400,10,175,200,25,54.47029411,1077.23484,19.77655633,4,1,13.61757353,74.807975,25
edie,400,410,10,175,200,25,66.48502057,1618.466371,24.34332361,5,1,16.62125514,112.393498,25
edie,410,420,10,175,200,25,68.81650127,1764.229334,25.63671942,7,1,17.20412532,122.515926,25
edie,420,430,10,175,200,25,70.29010162,1785.22619,25.39797424,7,1,17.5725254,123.974041,25
edie,430,440,10,175,200,25,52.43556284,1392.702019,26.56025689,5,1,13.10889071,96.715418,25
edie,440,450,10,175,200,25,63.82293362,1199.727374,18.79774724,5,1,15.95573341,83.314401,25
edie,450,460,10,175,200,25,68.11061504,941.9355648,13.82949727,5,1,17.02765376,65.412192,25
edie,460,470,10,175,200,25,61.78980712,1019.135232,16.4935817,4,1,15.44745178,70.77328,25
edie,470,480,10,175,200,25,59.69694069,1134.109181,18.99777723,4,1,14.92423517,78.757582,25
edie,480,490,10,175,200,25,41.24364894,1010.53764,24.50165458,4,1,10.31091223,70.176225,25
edie,490,500,10,175,200,25,43.06150187,1317.413088,30.59375616,5,1,10.76537547,91.48702,25
edie,500,510,10,175,200,25,43.43608364,1447.426426,33.32313377,6,1,10.85902091,100.515724,25
edie,510,520,10,175,200,25,31.87902072,1097.739389,34.4345392,5,1,7.969755181,76.231902,25
edie,520,530,10,175,200,25,47.17359406,1644.072538,34.85154291,5,1,11.79339852,114.171704,25
edie,530,540,10,175,200,25,31.37397692,1230.265483,39.21292753,5,1,7.843494229,85.435103,25
edie,540,550,10,175,200,25,42.81827794,1709.119426,39.9156507,5,1,10.70456948,118.688849,25
edie,550,560,10,175,200,25,42.54573144,1643.233493,38.62275808,6,1,10.63643286,114.113437,25
edie,560,570,10,175,200,25,70.99925991,1345.512312,18.95107518,5,1,17.74981498,93.438355,25
edie,570,580,10,175,200,25,109.6966004,197.1413568,1.797151015,3,1,27.42415011,13.690372,25
edie,580,590,10,175,200,25,59.21586669,1037.15699,17.51484946,4,1,14.80396667,72.024791,25
edie,590,600,10,175,200,25,47.39917546,1361.298528,28.71987782,5,1,11.84979387,94.53462,25
edie,600,610,10,175,200,25,44.25054315,1411.475054,31.89734982,5,1,11.06263579,98.019101,25
edie,610,620,10,175,200,25,44.00608819,1399.248403,31.79670043,5,1,11.00152205,97.170028,25
edie,620,630,10,175,200,25,35.46549198,1208.60879,34.07844422,5,1,8.866372996,83.931166,25
edie,630,640,10,175,200,25,62.71914339,2028.698474,32.34576183,7,1,15.67978585,140.8818385,25
edie,640,650,10,175,200,25,74.6045021,1958.092027,26.24629844,6,1,18.65112553,135.978613,25
edie,650,660,10,175,200,25,77.15854034,1168.15199,15.13963309,5,1,19.28963508,81.121666,25
edie,660,670,10,175,200,25,46.12650454,1155.100925,25.04202164,5,1,11.53162614,80.215342,25
edie,670,680,10,175,200,25,52.34289491,1354.334458,25.87427501,5,1,13.08572373,94.051004,25
edie,680,690,10,175,200,25,44.59379908,1317.947098,29.55449244,6,1,11.14844977,91.524104,25
edie,690,700,10,175,200,25,50.5827966,1586.302834,31.36052058,6,1,12.64569915,110.159919,25
edie,700,710,10,175,200,25,50.2181528,1431.316109,28.5019665,5,1,12.5545382,99.396952,25
edie,710,720,10,175,200,25,52.66977978,1675.938355,31.81973348,5,1,13.16744494,116.384608,25
edie,720,730,10,175,200,25,51.90899121,1393.080206,26.83697321,5,1,12.9772478,96.741681,25
edie,730,740,10,175,200,25,56.3635487,829.5577776,14.71798346,4,1,14.09088718,57.608179,25
edie,740,750,10,175,200,25,93.39031505,800.7650928,8.574391171,5,1,23.34757876,55.608687,25
edie,750,760,10,175,200,25,92.38193142,1134.345456,12.27886707,5,1,23.09548285,78.77399,25
edie,760,770,10,175,200,25,67.39701563,1039.365446,15.42153516,5,1,16.84925391,72.178156,25
edie,770,780,10,175,200,25,59.15860953,1130.084352,19.10261855,5,1,14.78965238,78.47808,25
edie,780,790,10,175,200,25,79.97871445,1258.518298,15.7356655,6,1,19.99467861,87.397104,25
edie,790,800,10,175,200,25,88.76966584,1183.614178,13.33354324,5,1,22.19241646,82.195429,25
edie,800,810,10,175,200,25,62.57151347,1045.417306,16.70755984,4,1,15.64287837,72.598424,25
edie,810,820,10,175,200,25,55.6177719,1375.317418,24.72802075,5,1,13.90444297,95.508154,25
edie,820,830,10,175,200,25,43.25118477,1223.58083,28.29011128,5,1,10.81279619,84.970891,25
edie,830,840,10,175,200,25,46.91263199,1516.120661,32.31796206,5,1,11.728158,105.286157,25
edie,0,10,10,200,225,25,70.23267505,1232.761435,17.55253426,6,1,17.55816876,85.608433,25
edie,10,20,10,200,225,25,61.49234019,1468.722456,23.88464078,7,1,15.37308505,101.994615,25
edie,20,30,10,200,225,25,53.5976225,1533.690346,28.6148951,6,1,13.39940562,106.506274,25
edie,30,40,10,200,225,25,52.89300656,1237.721141,23.40046863,5,1,13.22325164,85.952857,25
edie,40,50,10,200,225,25,53.36107435,1528.846214,28.65096389,6,1,13.34026859,106.169876,25
edie,50,60,10,200,225,25,71.91980949,1901.402035,26.43780689,7,1,17.97995237,132.041808,25
edie,60,70,10,200,225,25,70.74605571,1774.382861,25.08101467,7,1,17.68651393,123.221032,25
edie,70,80,10,200,225,25,63.38248516,1519.537594,23.974093,5,1,15.84562129,105.523444,25
edie,80,90,10,200,225,25,79.42673883,1635.924125,20.59664225,6,1,19.85668471,113.605842,25
edie,90,100,10,200,225,25,45.8746288,913.7046816,19.91742943,4,1,11.4686572,63.451714,25
edie,100,110,10,200,225,25,58.08973491,1212.768216,20.87749613,5,1,14.52243373,84.220015,25
edie,110,120,10,200,225,25,54.14261842,1207.271578,22.29799025,5,1,13.53565461,83.838304,25
edie,120,130,10,200,225,25,70.17080661,1687.12331,24.04309416,6,1,17.54270165,117.161341,25
edie,130,140,10,200,225,25,49.77818882,1433.784989,28.80347844,5,1,12.44454721,99.568402,25
edie,140,150,10,200,225,25,45.49922809,1367.58816,30.05739256,5,1,11.37480702,94.9714,25
edie,150,160,10,200,225,25,47.84185579,1562.698094,32.66382686,5,1,11.96046395,108.520701,25
edie,160,170,10,200,225,25,64.42812849,1935.502646,30.04126756,7,1,16.10703212,134.409906,25
edie,170,180,10,200,225,25,54.12239426,1659.265517,30.65765178,6,1,13.53059856,115.226772,25
edie,180,190,10,200,225,25,47.56099096,1503.135418,31.6043755,5,1,11.89024774,104.384404,25
edie,190,200,10,200,225,25,44.103669,1410.403378,31.97927541,5,1,11.02591725,97.944679,25
edie,200,210,10,200,225,25,80.59430083,1326.254256,16.45593103,6,1,20.14857521,92.10099,25
edie,210,220,10,200,225,25,85.88258415,794.5910496,9.252062656,5,1,21.47064604,55.179934,25
edie,220,230,10,200,225,25,53.43510159,1388.072218,25.97678635,6,1,13.3587754,96.393904,25
edie,230,240,10,200,225,25,48.97737255,1264.073472,25.80933615,5,1,12.24434314,87.78288,25
edie,240,250,10,200,225,25,65.15338531,1561.685674,23.96937114,6,1,16.28834633,108.450394,25
edie,250,260,10,200,225,25,45.4713391,1252.41156,27.54287832,5,1,11.36783477,86.973025,25
edie,260,270,10,200,225,25,55.61276946,1752.981451,31.521204,6,1,13.90319236,121.734823,25
edie,270,280,10,200,225,25,52.46316529,1762.084526,33.58707994,7,1,13.11579132,122.366981,25
edie,280,290,10,200,225,25,40.61538245,1403.261525,34.5500015,4,1,10.15384561,97.448717,25
edie,290,300,10,200,225,25,47.64497322,1471.68,30.88846316,5,1,11.9112433,102.2,25
edie,300,310,10,200,225,25,72.94300775,1633.918291,22.39993032,7,1,18.23575194,113.466548,25
edie,310,320,10,200,225,25,65.56317768,1497.354941,22.83835216,6,1,16.39079442,103.982982,25
edie,320,330,10,200,225,25,50.73614419,1632.757378,32.18134535,5,1,12.68403605,113.385929,25
edie,330,340,10,200,225,25,39.68527448,1356.382699,34.17848854,5,1,9.921318621,94.193243,25
edie,340,350,10,200,225,25,63.24569013,1962.732802,31.03346327,7,1,15.81142253,136.300889,25
edie,350,360,10,200,225,25,41.11733517,1302.067238,31.66711152,6,1,10.27933379,90.421336,25
edie,360,370,10,200,225,25,44.10793956,1405.100578,31.8559559,5,1,11.02698489,97.576429,25
edie,370,380,10,200,225,25,32.82833999,1161.190109,35.37157557,4,1,8.207084998,80.638202,25
edie,380,390,10,200,225,25,74.0021009,1763.080106,23.82473045,7,1,18.50052522,122.4361185,25
edie,390,400,10,200,225,25,57.47818905,1275.037517,22.18297998,5,1,14.36954726,88.544272,25
edie,400,410,10,200,225,25,50.55662854,1617.742166,31.99861647,5,1,12.63915713,112.343206,25
edie,410,420,10,200,225,25,53.75689408,1556.813736,28.96026199,6,1,13.43922352,108.112065,25
edie,420,430,10,200,225,25,66.59580111,1713.591216,25.7312201,7,1,16.64895028,118.99939,25
edie,430,440,10,200,225,25,70.66434658,1477.171541,20.90405717,6,1,17.66608664,102.581357,25
edie,440,450,10,200,225,25,80.47323818,1201.763203,14.93370008,5,1,20.11830954,83.455778,25
edie,450,460,10,200,225,25,59.79514132,993.384936,16.61313802,5,1,14.94878533,68.985065,25
edie,460,470,10,200,225,25,69.5166761,914.2094232,13.15093693,5,1,17.37916902,63.4867655,25
edie,470,480,10,200,225,25,50.69936699,1093.716036,21.57257775,6,1,12.67484175,75.9525025,25
edie,480,490,10,200,225,25,40.92684087,1203.775632,29.41286467,5,1,10.23171022,83.59553,25
edie,490,500,10,200,225,25,32.63741278,1327.513939,40.67460703,4,1,8.159353195,92.188468,25
edie,500,510,10,200,225,25,38.95657502,1440,36.96423516,4,1,9.739143754,100,25
edie,510,520,10,200,225,25,35.24465976,1401.636816,39.76877137,4,1,8.81116494,97.33589,25
edie,520,530,10,200,225,25,31.85293766,1296.234086,40.69433407,5,1,7.963234416,90.016256,25
edie,530,540,10,200,225,25,37.63485238,1596.134477,42.41107314,5,1,9.408713095,110.842672,25
edie,540,550,10,200,225,25,30.03581191,1255.590763,41.80312379,5,1,7.508952977,87.193803,25
edie,550,560,10,200,225,25,52.16423157,1838.102026,35.23682742,6,1,13.04105789,127.645974,25
edie,560,570,10,200,225,25,80.21515302,623.3747688,7.771284418,5,1,20.05378826,43.2899145,25
edie,570,580,10,200,225,25,92.79431966,786.74184,8.478340516,4,1,23.19857991,54.63485,25
edie,580,590,10,200,225,25,35.38322965,1053.05953,29.76154353,4,1,8.845807414,73.129134,25
edie,590,600,10,200,225,25,46.36746876,1531.228046,33.02375755,5,1,11.59186719,106.335281,25
edie,600,610,10,200,225,25,34.1681516,1311.034219,38.37006563,5,1,8.542037899,91.044043,25
edie,610,620,10,200,225,25,39.47832543,1407.303922,35.647508,4,1,9.869581358,97.729439,25
edie,620,630,10,200,225,25,37.09872941,1308.157157,35.26150835,4,1,9.274682351,90.844247,25
edie,630,640,10,200,225,25,60.30486713,1982.211754,32.86984696,7,1,15.07621678,137.653594,25
edie,640,650,10,200,225,25,76.17064883,1637.740483,21.50093912,7,1,19.04266221,113.731978,25
edie,650,660,10,200,225,25,72.46579319,1249.892222,17.24803066,6,1,18.1164483,86.798071,25
edie,660,670,10,200,225,25,50.70933702,1421.405438,28.03044808,6,1,12.67733426,98.708711,25
edie,670,680,10,200,225,25,43.24693167,1310.912078,30.31225633,4,1,10.81173292,91.035561,25
edie,680,690,10,200,225,25,44.04578908,1361.847168,30.91889592,5,1,11.01144727,94.57272,25
edie,690,700,10,200,225,25,44.4315841,1464.8688,32.96908786,5,1,11.10789603,101.727,25
edie,700,710,10,200,225,25,45.20118403,1506.957624,33.33889711,6,1,11.30029601,104.649835,25
edie,710,720,10,200,225,25,51.96094338,1548.200794,29.79547123,6,1,12.99023585,107.513944,25
edie,720,730,10,200,225,25,64.25689862,1220.260464,18.99034174,6,1,16.06422465,84.74031,25
edie,730,740,10,200,225,25,94.14399101,962.85708,10.22749375,5,1,23.53599775,66.865075,25
edie,740,750,10,200,225,25,73.66801497,679.7604672,9.227348768,4,1,18.41700374,47.205588,25
edie,750,760,10,200,225,25,83.50263724,1095.743808,13.12226589,5,1,20.87565931,76.09332,25
edie,760,770,10,200,225,25,61.96684376,1409.184662,22.74094624,5,1,15.49171094,97.860046,25
edie,770,780,10,200,225,25,43.26481157,903.8620656,20.89139032,3,1,10.81620289,62.768199,25
edie,780,790,10,200,225,25,65.98481239,1113.530026,16.87555038,5,1,16.4962031,77.328474,25
edie,790,800,10,200,225,25,68.42507041,1282.74264,18.74667621,5,1,17.1062676,89.07935,25
edie,800,810,10,200,225,25,59.19788939,1334.110795,22.5364588,5,1,14.79947235,92.646583,25
edie,810,820,10,200,225,25,54.15954166,1233.66047,22.77826644,5,1,13.53988542,85.670866,25
edie,820,830,10,200,225,25,51.0050305,1427.120107,27.97998733,6,1,12.75125762,99.105563,25
edie,830,840,10,200,225,25,43.6599356,1488.633739,34.09610479,5,1,10.9149839,103.377343,25
edie,0,10,10,225,250,25,57.37351718,1492.103347,26.00683069,5,1,14.3433793,103.618288,25
edie,10,20,10,225,250,25,51.66849797,1457.975678,28.21788392,6,1,12.91712449,101.248311,25
edie,20,30,10,225,250,25,69.7850342,2003.979629,28.71646696,7,1,17.44625855,139.165252,25
edie,30,40,10,225,250,25,47.11833736,1344.492562,28.53438039,5,1,11.77958434,93.367539,25
edie,40,50,10,225,250,25,42.86413765,1351.001635,31.51822734,5,1,10.71603441,93.819558,25
edie,50,60,10,225,250,25,67.41379981,1917.387245,28.4420586,6,1,16.85344995,133.151892,25
edie,60,70,10,225,250,25,64.35388735,1752.538162,27.23282515,7,1,16.08847184,121.704039,25
edie,70,80,10,225,250,25,60.58222926,1480.856213,24.44373921,5,1,15.14555731,102.837237,25
edie,80,90,10,225,250,25,71.05109225,1428.795288,20.10940638,6,1,17.76277306,99.221895,25
edie,90,100,10,225,250,25,60.56144899,1256.121101,20.74126564,6,1,15.14036225,87.230632,25
edie,100,110,10,225,250,25,52.21726428,984.0609504,18.84550951,4,1,13.05431607,68.337566,25
edie,110,120,10,225,250,25,67.10087203,1489.675435,22.20053764,5,1,16.77521801,103.449683,25
edie,120,130,10,225,250,25,57.04608734,1486.069027,26.05032346,5,1,14.26152183,103.199238,25
edie,130,140,10,225,250,25,54.17684525,1663.500283,30.70500461,6,1,13.54421131,115.520853,25
edie,140,150,10,225,250,25,38.94275341,1383.384629,35.52354438,5,1,9.735688352,96.068377,25
edie,150,160,10,225,250,25,44.16698194,1435.654771,32.50515902,5,1,11.04174548,99.698248,25
edie,160,170,10,225,250,25,61.58320433,1784.760941,28.98129385,6,1,15.39580108,123.941732,25
edie,170,180,10,225,250,25,59.65433829,1569.455165,26.30915386,6,1,14.91358457,108.989942,25
edie,180,190,10,225,250,25,68.40203146,1861.263461,27.21064596,7,1,17.10050787,129.254407,25
edie,190,200,10,225,250,25,52.55016594,1270.242389,24.17199577,5,1,13.13754148,88.211277,25
edie,200,210,10,225,250,25,101.9873357,903.6886896,8.860793194,5,1,25.49683391,62.756159,25
edie,210,220,10,225,250,25,75.46521319,1194.911784,15.83394167,5,1,18.8663033,82.979985,25
edie,220,230,10,225,250,25,60.16016147,1482.584803,24.64396317,6,1,15.04004037,102.957278,25
edie,230,240,10,225,250,25,49.83704718,1312.873272,26.34331981,5,1,12.45926179,91.171755,25
edie,240,250,10,225,250,25,57.35662678,1376.040154,23.99095328,5,1,14.3391567,95.558344,25
edie,250,260,10,225,250,25,57.38147943,1600.347312,27.889614,7,1,14.34536986,111.13523,25
edie,260,270,10,225,250,25,55.12483525,1612.775131,29.25677916,6,1,13.78120881,111.998273,25
edie,270,280,10,225,250,25,71.60247816,2030.88793,28.36337487,7,1,17.90061954,141.033884,25
edie,280,290,10,225,250,25,45.87971631,1367.54424,29.80716425,6,1,11.46992908,94.96835,25
edie,290,300,10,225,250,25,44.60886767,1244.084659,27.88872985,5,1,11.15221692,86.394768,25
edie,300,310,10,225,250,25,71.63870899,1751.050987,24.4428049,6,1,17.90967725,121.600763,25
edie,310,320,10,225,250,25,53.89033013,1562.912424,29.00172295,7,1,13.47258253,108.535585,25
edie,320,330,10,225,250,25,57.50166707,1839.32879,31.9873994,6,1,14.37541677,127.731166,25
edie,330,340,10,225,250,25,37.75461346,1286.981798,34.08806714,5,1,9.438653364,89.373736,25
edie,340,350,10,225,250,25,54.86945533,1795.94005,32.73114411,6,1,13.71736383,124.718059,25
edie,350,360,10,225,250,25,46.75248564,1475.464162,31.55905278,5,1,11.68812141,102.462789,25
edie,360,370,10,225,250,25,54.37954583,1567.038946,28.81669793,5,1,13.59488646,108.822149,25
edie,370,380,10,225,250,25,44.7799897,1129.605941,25.22568559,4,1,11.19499743,78.444857,25
edie,380,390,10,225,250,25,63.82740055,1407.865003,22.05737647,6,1,15.95685014,97.768403,25
edie,390,400,10,225,250,25,57.39543856,1694.60311,29.52504854,7,1,14.34885964,117.6807715,25
edie,400,410,10,225,250,25,41.85249086,1473.054523,35.1963406,5,1,10.46312271,102.295453,25
edie,410,420,10,225,250,25,44.32930475,1392.672024,31.41650951,5,1,11.08232619,96.713335,25
edie,420,430,10,225,250,25,76.26888035,1750.581346,22.95276052,6,1,19.06722009,121.568149,25
edie,430,440,10,225,250,25,75.47380205,1544.094029,20.45867555,6,1,18.86845051,107.228752,25
edie,440,450,10,225,250,25,61.07052529,1068.281035,17.49257977,4,1,15.26763132,74.186183,25
edie,450,460,10,225,250,25,77.67469918,1037.546885,13.35759128,4,1,19.4186748,72.051867,25
edie,460,470,10,225,250,25,69.13278496,900.75456,13.02933999,4,1,17.28319624,62.5524,25
edie,470,480,10,225,250,25,59.69069795,1387.128557,23.23860508,5,1,14.92267449,96.328372,25
edie,480,490,10,225,250,25,48.98526106,1325.250619,27.05406873,5,1,12.24631526,92.031293,25
edie,490,500,10,225,250,25,33.67052024,1277.785123,37.94966974,5,1,8.41763006,88.735078,25
edie,500,510,10,225,250,25,32.45245089,1339.199266,41.26650619,5,1,8.113112723,92.999949,25
edie,510,520,10,225,250,25,26.99437813,1126.946117,41.74743761,4,1,6.748594533,78.260147,25
edie,520,530,10,225,250,25,35.11980679,1368.988286,38.98051873,5,1,8.779951698,95.068631,25
edie,530,540,10,225,250,25,38.3572398,1564.787318,40.79509701,5,1,9.589309949,108.665786,25
edie,540,550,10,225,250,25,34.89927283,1406.892802,40.31295461,5,1,8.724818209,97.700889,25
edie,550,560,10,225,250,25,65.99704364,1413.610358,21.41929821,6,1,16.49926091,98.167386,25
edie,560,570,10,225,250,25,98.1833067,395.6309424,4.029513323,3,1,24.54582667,27.474371,25
edie,570,580,10,225,250,25,55.83735096,1069.755782,19.15842647,5,1,13.95933774,74.288596,25
edie,580,590,10,225,250,25,44.96262628,1261.548994,28.05772478,5,1,11.24065657,87.607569,25
edie,590,600,10,225,250,25,44.91935411,1444.345243,32.15418547,5,1,11.22983853,100.301753,25
edie,600,610,10,225,250,25,42.37762783,1491.976066,35.20669141,5,1,10.59440696,103.609449,25
edie,610,620,10,225,250,25,41.60942929,1225.607155,29.45503402,5,1,10.40235732,85.111608,25
edie,620,630,10,225,250,25,46.8876211,1422.164765,30.33134826,5,1,11.72190528,98.761442,25
edie,630,640,10,225,250,25,57.79268479,1550.796984,26.83379375,6,1,14.4481712,107.694235,25
edie,640,650,10,225,250,25,71.2469958,1443.928277,20.26651455,6,1,17.81174895,100.272797,25
edie,650,660,10,225,250,25,81.65186558,1678.717382,20.5594492,6,1,20.4129664,116.577596,25
edie,660,670,10,225,250,25,57.08175919,1690.526362,29.61587704,6,1,14.2704398,117.397664,25
edie,670,680,10,225,250,25,51.34427111,1471.709261,28.66355348,5,1,12.83606778,102.202032,25
edie,680,690,10,225,250,25,45.06882387,1236.050352,27.42583999,5,1,11.26720597,85.83683,25
edie,690,700,10,225,250,25,60.53993,1620.121061,26.76119812,5,1,15.1349825,112.508407,25
edie,700,710,10,225,250,25,49.54107068,1566.916042,31.62862692,5,1,12.38526767,108.813614,25
edie,710,720,10,225,250,25,48.88647643,1219.51067,24.94576741,5,1,12.22161911,84.688241,25
edie,720,730,10,225,250,25,88.48911156,1140.562656,12.88929944,5,1,22.12227789,79.20574,25
edie,730,740,10,225,250,25,90.68082304,869.9333616,9.593355381,4,1,22.67020576,60.412039,25
edie,740,750,10,225,250,25,89.38823588,880.6084704,9.85150296,5,1,22.34705897,61.153366,25
edie,750,760,10,225,250,25,51.84295066,923.5802304,17.81496267,5,1,12.96073766,64.137516,25
edie,760,770,10,225,250,25,75.01989651,1750.595962,23.335089,7,1,18.75497413,121.569164,25
edie,770,780,10,225,250,25,36.93578983,866.317464,23.45468901,4,1,9.233947458,60.160935,25
edie,780,790,10,225,250,25,61.57346852,1000.138334,16.24300788,4,1,15.39336713,69.454051,25
edie,790,800,10,225,250,25,68.19196371,1352.017714,19.82664291,5,1,17.04799093,93.890119,25
edie,800,810,10,225,250,25,54.13366269,1354.653403,25.02423328,5,1,13.53341567,94.073153,25
edie,810,820,10,225,250,25,44.19963051,1104.399158,24.98661517,4,1,11.04990763,76.694386,25
edie,820,830,10,225,250,25,51.06750843,1547.158392,30.29633596,6,1,12.76687711,107.441555,25
edie,830,840,10,225,250,25,40.92865752,1464.116069,35.77239415,5,1,10.23216438,101.674727,25
edie,0,10,10,150,200,50,79.37061164,1348.739762,16.99293649,7,1,39.68530582,187.324967,50
edie,10,20,10,150,200,50,88.17111227,1378.916496,15.63909608,8,1,44.08555613,191.51618,50
edie,20,30,10,150,200,50,83.17834052,1272.780778,15.30182941,7,1,41.58917026,176.775108,50
edie,30,40,10,150,200,50,60.48102254,1145.764512,18.94419876,6,1,30.24051127,159.13396,50
edie,40,50,10,150,200,50,67.55590722,1699.848864,25.16210549,8,1,33.77795361,236.09012,50
edie,50,60,10,150,200,50,80.13624973,1891.975284,23.60948123,9,1,40.06812486,262.774345,50
edie,60,70,10,150,200,50,63.99775551,1500.858936,23.45174333,8,1,31.99887775,208.45263,50
edie,70,80,10,150,200,50,70.02121246,1684.819015,24.06155158,8,1,35.01060623,234.002641,50
edie,80,90,10,150,200,50,58.00696991,1275.041182,21.9808272,7,1,29.00348495,177.089053,50
edie,90,100,10,150,200,50,58.56475411,1086.355454,18.54964596,7,1,29.28237705,150.882702,50
edie,100,110,10,150,200,50,73.34786736,1277.068961,17.411126,7,1,36.67393368,177.370689,50
edie,110,120,10,150,200,50,80.0682958,1416.977554,17.69711144,7,1,40.0341479,196.802438,50
edie,120,130,10,150,200,50,64.96431567,1350.788767,20.79278067,7,1,32.48215783,187.609551,50
edie,130,140,10,150,200,50,60.15728962,1471.04869,24.4533738,7,1,30.07864481,204.312318,50
edie,140,150,10,150,200,50,49.91507646,1272.287002,25.48903241,7,1,24.95753823,176.706528,50
edie,150,160,10,150,200,50,61.14552406,1759.094057,28.76897506,8,1,30.57276203,244.318619,50
edie,160,170,10,150,200,50,47.65016086,1435.517237,30.12617819,7,1,23.82508043,199.377394,50
edie,170,180,10,150,200,50,52.56382573,1821.156329,34.64657116,7,1,26.28191287,252.938379,50
edie,180,190,10,150,200,50,52.64832609,1740.703601,33.06284796,8,1,26.32416305,241.764389,50
edie,190,200,10,150,200,50,50.65373423,1568.074046,30.95673143,7,1,25.32686711,217.788062,50
edie,200,210,10,150,200,50,52.35729213,1472.484672,28.1237744,6,1,26.17864607,204.51176,50
edie,210,220,10,150,200,50,88.22448019,899.1422928,10.19152837,7,1,44.11224009,124.880874,50
edie,220,230,10,150,200,50,76.24936907,989.071884,12.97154188,6,1,38.12468453,137.371095,50
edie,230,240,10,150,200,50,56.45612343,1339.893482,23.73335966,6,1,28.22806172,186.096317,50
edie,240,250,10,150,200,50,50.08516192,1314.6633,26.24855845,7,1,25.04258096,182.592125,50
edie,250,260,10,150,200,50,56.53245779,1496.346178,26.4687975,6,1,28.2662289,207.825858,50
edie,260,270,10,150,200,50,56.55792054,1586.252722,28.04651773,8,1,28.27896027,220.312878,50
edie,270,280,10,150,200,50,46.10509068,1522.725566,33.02727625,7,1,23.05254534,211.489662,50
edie,280,290,10,150,200,50,37.91224296,1339.265837,35.32541818,6,1,18.95612148,186.009144,50
edie,290,300,10,150,200,50,62.48027702,1975.656226,31.62047801,9,1,31.24013851,274.396698,50
edie,300,310,10,150,200,50,69.02717297,1750.361875,25.35757731,8,1,34.51358649,243.105816,50
edie,310,320,10,150,200,50,80.06766308,1387.027606,17.32319331,8,1,40.03383154,192.642723,50
edie,320,330,10,150,200,50,56.84637776,1325.349374,23.31457916,6,1,28.42318888,184.076302,50
edie,330,340,10,150,200,50,54.03592103,1614.869474,29.88511056,7,1,27.01796052,224.287427,50
edie,340,350,10,150,200,50,51.93311731,1650.773282,31.78652405,7,1,25.96655865,229.274067,50
edie,350,360,10,150,200,50,51.12739833,1608.406474,31.45879755,6,1,25.56369917,223.389788,50
edie,360,370,10,150,200,50,34.01214744,1187.790422,34.92253538,6,1,17.00607372,164.970892,50
edie,370,380,10,150,200,50,46.66560047,1615.932382,34.62791361,7,1,23.33280023,224.435053,50
edie,380,390,10,150,200,50,59.24478919,1828.912651,30.87043901,8,1,29.6223946,254.015646,50
edie,390,400,10,150,200,50,45.51138583,1110.407882,24.39846342,6,1,22.75569291,154.223317,50
edie,400,410,10,150,200,50,63.74041863,1570.48002,24.6386838,7,1,31.87020932,218.122225,50
edie,410,420,10,150,200,50,73.52686263,1866.495305,25.3852162,9,1,36.76343132,259.235459,50
edie,420,430,10,150,200,50,70.4310232,1661.803891,23.59477139,8,1,35.2155116,230.806096,50
edie,430,440,10,150,200,50,58.44427188,1483.735471,25.38718378,7,1,29.22213594,206.074371,50
edie,440,450,10,150,200,50,57.56963235,1188.503647,20.64462805,6,1,28.78481618,165.069951,50
edie,450,460,10,150,200,50,78.49531794,969.6858372,12.35342263,7,1,39.24765897,134.6785885,50
edie,460,470,10,150,200,50,65.1688635,920.132568,14.11920538,6,1,32.58443175,127.79619,50
edie,470,480,10,150,200,50,55.61857475,1018.49953,18.31221915,5,1,27.80928738,141.458268,50
edie,480,490,10,150,200,50,45.68756786,1115.799926,24.42239713,6,1,22.84378393,154.972212,50
edie,490,500,10,150,200,50,46.04039306,1336.577494,29.03054046,6,1,23.02019653,185.635763,50
edie,500,510,10,150,200,50,41.74945225,1329.077945,31.83461993,6,1,20.87472613,184.594159,50
edie,510,520,10,150,200,50,34.21695545,1156.400827,33.79613446,6,1,17.10847773,160.611226,50
edie,520,530,10,150,200,50,46.17064216,1551.22272,33.59759898,6,1,23.08532108,215.4476,50
edie,530,540,10,150,200,50,34.71375977,1304.470289,37.57790275,6,1,17.35687989,181.176429,50
edie,540,550,10,150,200,50,43.48097507,1762.475868,40.53441454,7,1,21.74048753,244.788315,50
edie,550,560,10,150,200,50,45.74945727,1677.481862,36.66670519,8,1,22.87472863,232.983592,50
edie,560,570,10,150,200,50,57.62307883,1331.271043,23.10308769,6,1,28.81153942,184.898756,50
edie,570,580,10,150,200,50,93.46643553,388.5819984,4.157449636,6,1,46.73321777,53.969722,50
edie,580,590,10,150,200,50,80.22212662,844.7800104,10.53051129,6,1,40.11106331,117.330557,50
edie,590,600,10,150,200,50,46.61320626,1277.896306,27.41489823,6,1,23.30660313,177.485598,50
edie,600,610,10,150,200,50,47.53919871,1388.691086,29.21149544,6,1,23.76959936,192.873762,50
edie,610,620,10,150,200,50,45.59795248,1403.050853,30.77004068,6,1,22.79897624,194.868174,50
edie,620,630,10,150,200,50,37.01118991,1241.041892,33.53153182,7,1,18.50559496,172.3669295,50
edie,630,640,10,150,200,50,56.4552944,1845.652784,32.69228872,9,1,28.2276472,256.3406645,50
edie,640,650,10,150,200,50,67.96905582,1912.767689,28.14174282,8,1,33.98452791,265.662179,50
edie,650,660,10,150,200,50,82.62045531,1287.974477,15.58905082,7,1,41.31022766,178.885344,50
edie,660,670,10,150,200,50,63.89312035,1077.429434,16.86299602,7,1,31.94656017,149.642977,50
edie,670,680,10,150,200,50,53.21044301,1262.991564,23.73578366,5,1,26.60522151,175.415495,50
edie,680,690,10,150,200,50,50.97902611,1426.154486,27.97531839,7,1,25.48951305,198.077012,50
edie,690,700,10,150,200,50,54.40164156,1554.367536,28.57207047,7,1,27.20082078,215.88438,50
edie,700,710,10,150,200,50,45.52192835,1267.720474,27.84856705,6,1,22.76096417,176.072288,50
edie,710,720,10,150,200,50,54.08232706,1757.89363,32.5040309,6,1,27.04116353,244.151893,50
edie,720,730,10,150,200,50,49.25577119,1469.916295,29.84251916,6,1,24.62788559,204.155041,50
edie,730,740,10,150,200,50,49.4057523,898.5343968,18.18683767,6,1,24.70287615,124.796444,50
edie,740,750,10,150,200,50,97.57642673,1000.94814,10.25809382,8,1,48.78821336,139.020575,50
edie,750,760,10,150,200,50,98.13730361,969.5673216,9.87970207,7,1,49.0686518,134.662128,50
edie,760,770,10,150,200,50,67.07216654,949.3444152,14.1540741,7,1,33.53608327,131.853391,50
edie,770,780,10,150,200,50,67.11969844,1169.472391,17.42368363,7,1,33.55984922,162.426721,50
edie,780,790,10,150,200,50,79.5404242,1338.40044,16.82666963,8,1,39.7702121,185.88895,50
edie,790,800,10,150,200,50,82.52055535,1132.331594,13.72181258,7,1,41.26027768,157.268277,50
edie,800,810,10,150,200,50,59.62094435,974.3119632,16.34177341,6,1,29.81047218,135.321106,50
edie,810,820,10,150,200,50,57.85243815,1273.880261,22.01947405,7,1,28.92621907,176.927814,50
edie,820,830,10,150,200,50,48.48631388,1253.843878,25.85974839,6,1,24.24315694,174.144983,50
edie,830,840,10,150,200,50,48.7123752,1480.250506,30.38756578,6,1,24.3561876,205.590348,50
edie,0,10,10,200,250,50,63.80309612,1362.432391,21.35370341,7,1,31.90154806,189.226721,50
edie,10,20,10,200,250,50,56.58041908,1463.349067,25.86317123,8,1,28.29020954,203.242926,50
edie,20,30,10,200,250,50,61.69132835,1768.834987,28.67234398,9,1,30.84566417,245.671526,50
edie,30,40,10,200,250,50,50.00567196,1291.106851,25.81920811,6,1,25.00283598,179.320396,50
edie,40,50,10,200,250,50,48.112606,1439.923925,29.92820478,7,1,24.056303,199.989434,50
edie,50,60,10,200,250,50,69.66680465,1909.39464,27.40752428,8,1,34.83340233,265.1937,50
edie,60,70,10,200,250,50,67.54997153,1763.460511,26.10601413,8,1,33.77498576,244.925071,50
edie,70,80,10,200,250,50,61.98235721,1500.196903,24.20361165,7,1,30.9911786,208.360681,50
edie,80,90,10,200,250,50,75.23891554,1532.359706,20.36658417,7,1,37.61945777,212.827737,50
edie,90,100,10,200,250,50,53.21803889,1084.912891,20.38618697,7,1,26.60901945,150.682346,50
edie,100,110,10,200,250,50,55.1534996,1098.414583,19.91559178,6,1,27.5767498,152.557581,50
edie,110,120,10,200,250,50,60.62174523,1348.473506,22.24405618,7,1,30.31087261,187.287987,50
edie,120,130,10,200,250,50,63.60844697,1586.596169,24.94316784,6,1,31.80422349,220.360579,50
edie,130,140,10,200,250,50,51.97751704,1548.642636,29.79447123,7,1,25.98875852,215.089255,50
edie,140,150,10,200,250,50,42.22099075,1375.486394,32.57825953,6,1,21.11049537,191.039777,50
edie,150,160,10,200,250,50,46.00441886,1499.176433,32.58766157,6,1,23.00220943,208.218949,50
edie,160,170,10,200,250,50,63.00566641,1860.131794,29.52324608,8,1,31.50283321,258.351638,50
edie,170,180,10,200,250,50,56.88836628,1614.360341,28.37768856,7,1,28.44418314,224.216714,50
edie,180,190,10,200,250,50,57.98151121,1682.199439,29.01268704,7,1,28.99075561,233.638811,50
edie,190,200,10,200,250,50,48.32691747,1340.322883,27.73449981,7,1,24.16345874,186.155956,50
edie,200,210,10,200,250,50,91.29081824,1114.971473,12.21340212,8,1,45.64540912,154.857149,50
edie,210,220,10,200,250,50,80.67389867,994.7514168,12.33052367,7,1,40.33694933,138.159919,50
edie,220,230,10,200,250,50,56.79763153,1435.32851,25.2709219,8,1,28.39881576,199.351182,50
edie,230,240,10,200,250,50,49.40720986,1288.473372,26.07865078,6,1,24.70360493,178.954635,50
edie,240,250,10,200,250,50,61.25500605,1468.862914,23.97947545,7,1,30.62750302,204.008738,50
edie,250,260,10,200,250,50,51.42640926,1426.379436,27.73632179,8,1,25.71320463,198.108255,50
edie,260,270,10,200,250,50,55.36880235,1682.878291,30.39398036,8,1,27.68440118,233.733096,50
edie,270,280,10,200,250,50,62.03282172,1896.486228,30.5723031,8,1,31.01641086,263.400865,50
edie,280,290,10,200,250,50,43.24754938,1385.402882,32.0342517,6,1,21.62377469,192.417067,50
edie,290,300,10,200,250,50,46.12692044,1357.88233,29.43795763,7,1,23.06346022,188.594768,50
edie,300,310,10,200,250,50,72.29085837,1692.484639,23.41215304,8,1,36.14542918,235.067311,50
edie,310,320,10,200,250,50,59.7267539,1530.133682,25.61889911,8,1,29.86337695,212.518567,50
edie,320,330,10,200,250,50,54.11890563,1736.043084,32.07831097,7,1,27.05945281,241.117095,50
edie,330,340,10,200,250,50,38.71994397,1321.682249,34.13440499,6,1,19.35997198,183.566979,50
edie,340,350,10,200,250,50,59.05757273,1879.336426,31.82210746,8,1,29.52878637,261.018948,50
edie,350,360,10,200,250,50,43.9349104,1388.7657,31.60961721,7,1,21.9674552,192.884125,50
edie,360,370,10,200,250,50,49.24374269,1486.069762,30.17783946,6,1,24.62187135,206.398578,50
edie,370,380,10,200,250,50,38.80416485,1145.398025,29.51739921,5,1,19.40208242,159.083059,50
edie,380,390,10,200,250,50,68.91475072,1585.472555,23.00628731,8,1,34.45737536,220.2045215,50
edie,390,400,10,200,250,50,57.4368138,1484.820313,25.85136979,8,1,28.7184069,206.2250435,50
edie,400,410,10,200,250,50,46.2045597,1545.398345,33.44687959,6,1,23.10227985,214.638659,50
edie,410,420,10,200,250,50,49.04309941,1474.74288,30.0703442,7,1,24.52154971,204.8254,50
edie,420,430,10,200,250,50,71.43234073,1732.086281,24.24792836,8,1,35.71617037,240.567539,50
edie,430,440,10,200,250,50,73.06907432,1510.632785,20.67403753,8,1,36.53453716,209.810109,50
edie,440,450,10,200,250,50,70.77188173,1135.022119,16.03775527,6,1,35.38594087,157.641961,50
edie,450,460,10,200,250,50,68.73492025,1015.46591,14.77365372,6,1,34.36746013,141.036932,50
edie,460,470,10,200,250,50,69.32473053,907.4819916,13.0903068,7,1,34.66236526,126.0391655,50
edie,470,480,10,200,250,50,55.19503247,1240.422296,22.47344083,7,1,27.59751623,172.2808745,50
edie,480,490,10,200,250,50,44.95605096,1264.513126,28.12776253,6,1,22.47802548,175.626823,50
edie,490,500,10,200,250,50,33.15396651,1302.649531,39.29091051,5,1,16.57698326,180.923546,50
edie,500,510,10,200,250,50,35.70451295,1389.599633,38.91943953,5,1,17.85225648,192.999949,50
edie,510,520,10,200,250,50,31.11951895,1264.291466,40.62696048,5,1,15.55975947,175.596037,50
edie,520,530,10,200,250,50,33.48637223,1332.611186,39.79562723,6,1,16.74318611,185.084887,50
edie,530,540,10,200,250,50,37.99604609,1580.460898,41.59540427,6,1,18.99802304,219.508458,50
edie,540,550,10,200,250,50,32.46754237,1331.241782,41.00223439,6,1,16.23377119,184.894692,50
edie,550,560,10,200,250,50,59.0806376,1625.856192,27.51927295,7,1,29.5403188,225.81336,50
edie,560,570,10,200,250,50,89.19922986,509.5028556,5.711964738,7,1,44.59961493,70.7642855,50
edie,570,580,10,200,250,50,74.31583531,928.2488112,12.49059245,6,1,37.15791765,128.923446,50
edie,580,590,10,200,250,50,40.17292797,1157.304262,28.80806354,6,1,20.08646398,160.736703,50
edie,590,600,10,200,250,50,45.64341143,1487.786645,32.59586867,6,1,22.82170572,206.637034,50
edie,600,610,10,200,250,50,38.27288971,1401.505142,36.61874379,6,1,19.13644486,194.653492,50
edie,610,620,10,200,250,50,40.54387736,1316.455538,32.46989741,5,1,20.27193868,182.841047,50
edie,620,630,10,200,250,50,41.99317525,1365.160961,32.50911494,6,1,20.99658763,189.605689,50
edie,630,640,10,200,250,50,59.04877596,1766.504369,29.9160201,8,1,29.52438798,245.347829,50
edie,640,650,10,200,250,50,73.70882232,1540.83438,20.90434132,9,1,36.85441116,214.004775,50
edie,650,660,10,200,250,50,77.05882938,1464.304802,19.00242729,8,1,38.52941469,203.375667,50
edie,660,670,10,200,250,50,53.89554811,1555.9659,28.87002646,7,1,26.94777405,216.106375,50
edie,670,680,10,200,250,50,47.29560139,1391.31067,29.41733753,6,1,23.64780069,193.237593,50
edie,680,690,10,200,250,50,44.55730647,1298.94876,29.15231783,6,1,22.27865324,180.40955,50
edie,690,700,10,200,250,50,52.48575705,1542.49493,29.38882884,6,1,26.24287853,214.235407,50
edie,700,710,10,200,250,50,47.37112736,1536.936833,32.44459059,7,1,23.68556368,213.463449,50
edie,710,720,10,200,250,50,50.42370991,1383.855732,27.44454414,7,1,25.21185495,192.202185,50
edie,720,730,10,200,250,50,76.37300509,1180.41156,15.45587421,8,1,38.18650254,163.94605,50
edie,730,740,10,200,250,50,92.41240703,916.3952208,9.916365673,6,1,46.20620351,127.277114,50
edie,740,750,10,200,250,50,81.52812543,780.1844688,9.569513155,7,1,40.76406271,108.358954,50
edie,750,760,10,200,250,50,67.67279395,1009.662019,14.91976259,7,1,33.83639697,140.230836,50
edie,760,770,10,200,250,50,68.49337013,1579.890312,23.06632465,7,1,34.24668507,219.42921,50
edie,770,780,10,200,250,50,40.1003007,885.0897648,22.07189845,5,1,20.05015035,122.929134,50
edie,780,790,10,200,250,50,63.77914046,1056.83418,16.57021673,6,1,31.88957023,146.782525,50
edie,790,800,10,200,250,50,68.30851706,1317.380177,19.2857382,7,1,34.15425853,182.969469,50
edie,800,810,10,200,250,50,56.66577604,1344.382099,23.72476287,6,1,28.33288802,186.719736,50
edie,810,820,10,200,250,50,49.17958609,1169.029814,23.77063142,6,1,24.58979304,162.365252,50
edie,820,830,10,200,250,50,51.03626946,1487.13925,29.13887056,7,1,25.51813473,206.547118,50
edie,830,840,10,200,250,50,42.29429656,1476.374904,34.90718665,7,1,21.14714828,205.05207,50
edie,0,10,10,150,250,100,71.58685388,1355.586077,18.93624323,11,1,71.58685388,376.551688,100
edie,10,20,10,150,250,100,72.37576568,1421.132782,19.63547837,12,1,72.37576568,394.759106,100
edie,20,30,10,150,250,100,72.43483443,1520.807882,20.99553197,12,1,72.43483443,422.446634,100
edie,30,40,10,150,250,100,55.24334725,1218.435682,22.05579028,9,1,55.24334725,338.454356,100
edie,40,50,10,150,250,100,57.83425661,1569.886394,27.14457635,10,1,57.83425661,436.079554,100
edie,50,60,10,150,250,100,74.90152719,1900.684962,25.37578382,12,1,74.90152719,527.968045,100
edie,60,70,10,150,250,100,65.77386352,1632.159724,24.8147157,11,1,65.77386352,453.377701,100
edie,70,80,10,150,250,100,66.00178483,1592.507959,24.12825597,11,1,66.00178483,442.363322,100
edie,80,90,10,150,250,100,66.62294272,1403.700444,21.06932517,10,1,66.62294272,389.91679,100
edie,90,100,10,150,250,100,55.8913965,1085.634173,19.4239944,11,1,55.8913965,301.565048,100
edie,100,110,10,150,250,100,64.25068348,1187.741772,18.48605661,9,1,64.25068348,329.92827,100
edie,110,120,10,150,250,100,70.34502051,1382.72553,19.65633843,11,1,70.34502051,384.090425,100
edie,120,130,10,150,250,100,64.28638132,1468.692468,22.84609023,9,1,64.28638132,407.97013,100
edie,130,140,10,150,250,100,56.06740333,1509.845663,26.92911698,10,1,56.06740333,419.401573,100
edie,140,150,10,150,250,100,46.0680336,1323.886698,28.73764288,9,1,46.0680336,367.746305,100
edie,150,160,10,150,250,100,53.57497146,1629.135245,30.40851353,10,1,53.57497146,452.537568,100
edie,160,170,10,150,250,100,55.32791364,1647.824515,29.78287824,9,1,55.32791364,457.729032,100
edie,170,180,10,150,250,100,54.72609601,1717.758335,31.38828567,10,1,54.72609601,477.155093,100
edie,180,190,10,150,250,100,55.31491865,1711.45152,30.94014349,11,1,55.31491865,475.4032,100
edie,190,200,10,150,250,100,49.49032585,1454.198465,29.3834894,9,1,49.49032585,403.944018,100
edie,200,210,10,150,250,100,71.82405519,1293.728072,18.01246211,11,1,71.82405519,359.368909,100
edie,210,220,10,150,250,100,84.44918943,946.9468548,11.21321426,12,1,84.44918943,263.040793,100
edie,220,230,10,150,250,100,66.5235003,1212.200197,18.22213491,10,1,66.5235003,336.722277,100
edie,230,240,10,150,250,100,52.93166665,1314.183427,24.82792458,9,1,52.93166665,365.050952,100
edie,240,250,10,150,250,100,55.67008398,1391.763107,25.00019772,9,1,55.67008398,386.600863,100
edie,250,260,10,150,250,100,53.97943353,1461.362807,27.07258508,11,1,53.97943353,405.934113,100
edie,260,270,10,150,250,100,55.96336145,1634.565506,29.20777923,11,1,55.96336145,454.045974,100
edie,270,280,10,150,250,100,54.0689562,1709.605897,31.61899207,10,1,54.0689562,474.890527,100
edie,280,290,10,150,250,100,40.57989617,1362.33436,33.57165711,9,1,40.57989617,378.426211,100
edie,290,300,10,150,250,100,54.30359873,1666.769278,30.69353259,11,1,54.30359873,462.991466,100
edie,300,310,10,150,250,100,70.65901567,1721.423257,24.36240076,12,1,70.65901567,478.173127,100
edie,310,320,10,150,250,100,69.89720849,1458.580644,20.86750924,12,1,69.89720849,405.16129,100
edie,320,330,10,150,250,100,55.4826417,1530.696229,27.58874095,9,1,55.4826417,425.193397,100
edie,330,340,10,150,250,100,46.3779325,1468.275862,31.65893308,9,1,46.3779325,407.854406,100
edie,340,350,10,150,250,100,55.49534502,1765.054854,31.8054578,9,1,55.49534502,490.293015,100
edie,350,360,10,150,250,100,47.53115437,1498.586087,31.52850181,9,1,47.53115437,416.273913,100
edie,360,370,10,150,250,100,41.62794507,1336.930092,32.11616835,9,1,41.62794507,371.36947,100
edie,370,380,10,150,250,100,42.73488266,1380.665203,32.30768677,9,1,42.73488266,383.518112,100
edie,380,390,10,150,250,100,64.07976996,1707.192603,26.64167809,10,1,64.07976996,474.2201675,100
edie,390,400,10,150,250,100,51.47409982,1297.614098,25.2090683,11,1,51.47409982,360.4483605,100
edie,400,410,10,150,250,100,54.97248917,1557.939182,28.34034271,9,1,54.97248917,432.760884,100
edie,410,420,10,150,250,100,61.28498102,1670.619092,27.25984515,11,1,61.28498102,464.060859,100
edie,420,430,10,150,250,100,70.93168196,1696.945086,23.92365497,11,1,70.93168196,471.373635,100
edie,430,440,10,150,250,100,65.7566731,1497.184128,22.76855044,11,1,65.7566731,415.88448,100
edie,440,450,10,150,250,100,64.17075704,1161.762883,18.10424151,9,1,64.17075704,322.711912,100
edie,450,460,10,150,250,100,73.6151191,992.5758738,13.48331547,10,1,73.6151191,275.7155205,100
edie,460,470,10,150,250,100,67.24679702,913.8072798,13.58885955,10,1,67.24679702,253.8353555,100
edie,470,480,10,150,250,100,55.40680361,1129.460913,20.38487766,9,1,55.40680361,313.7391425,100
edie,480,490,10,150,250,100,45.32180941,1190.156526,26.26012821,9,1,45.32180941,330.599035,100
edie,490,500,10,150,250,100,39.59717978,1319.613512,33.32594694,8,1,39.59717978,366.559309,100
edie,500,510,10,150,250,100,38.7269826,1359.338789,35.10056032,7,1,38.7269826,377.594108,100
edie,510,520,10,150,250,100,32.6682372,1210.346147,37.0496314,7,1,32.6682372,336.207263,100
edie,520,530,10,150,250,100,39.82850719,1441.916953,36.20313828,8,1,39.82850719,400.532487,100
edie,530,540,10,150,250,100,36.35490293,1442.465593,39.6773331,8,1,36.35490293,400.684887,100
edie,540,550,10,150,250,100,37.97425872,1546.858825,40.73440476,9,1,37.97425872,429.683007,100
edie,550,560,10,150,250,100,52.41504744,1651.669027,31.51135233,10,1,52.41504744,458.796952,100
edie,560,570,10,150,250,100,73.41115435,920.3869494,12.53742647,10,1,73.41115435,255.6630415,100
edie,570,580,10,150,250,100,83.89113542,658.4154048,7.848450274,11,1,83.89113542,182.893168,100
edie,580,590,10,150,250,100,60.19752729,1001.042136,16.62928996,9,1,60.19752729,278.06726,100
edie,590,600,10,150,250,100,46.12830884,1382.841475,29.97815246,8,1,46.12830884,384.122632,100
edie,600,610,10,150,250,100,42.90604421,1395.098114,32.51518848,8,1,42.90604421,387.527254,100
edie,610,620,10,150,250,100,43.07091492,1359.753196,31.57010243,8,1,43.07091492,377.709221,100
edie,620,630,10,150,250,100,39.50218258,1303.101427,32.98808677,9,1,39.50218258,361.9726185,100
edie,630,640,10,150,250,100,57.75203518,1806.078577,31.27298581,11,1,57.75203518,501.6884935,100
edie,640,650,10,150,250,100,70.83893907,1726.801034,24.3764384,12,1,70.83893907,479.666954,100
edie,650,660,10,150,250,100,79.83964235,1376.13964,17.23629514,12,1,79.83964235,382.261011,100
edie,660,670,10,150,250,100,58.89433423,1316.697667,22.35694969,10,1,58.89433423,365.749352,100
edie,670,680,10,150,250,100,50.2530222,1327.151117,26.40937915,8,1,50.2530222,368.653088,100
edie,680,690,10,150,250,100,47.76816629,1362.551623,28.52426059,9,1,47.76816629,378.486562,100
edie,690,700,10,150,250,100,53.4436993,1548.431233,28.97312973,9,1,53.4436993,430.119787,100
edie,700,710,10,150,250,100,46.44652785,1402.328653,30.19232477,8,1,46.44652785,389.535737,100
edie,710,720,10,150,250,100,52.25301848,1570.874681,30.06285046,9,1,52.25301848,436.354078,100
edie,720,730,10,150,250,100,62.81438814,1325.163928,21.096503,10,1,62.81438814,368.101091,100
edie,730,740,10,150,250,100,70.90907966,907.4648088,12.79758267,10,1,70.90907966,252.073558,100
edie,740,750,10,150,250,100,89.55227608,890.5663044,9.944652927,13,1,89.55227608,247.379529,100
edie,750,760,10,150,250,100,82.90504878,989.6146704,11.93672382,11,1,82.90504878,274.892964,100
edie,760,770,10,150,250,100,67.78276834,1264.617364,18.65691524,11,1,67.78276834,351.282601,100
edie,770,780,10,150,250,100,53.60999957,1027.281078,19.16211689,9,1,53.60999957,285.355855,100
edie,780,790,10,150,250,100,71.65978233,1197.61731,16.71254462,10,1,71.65978233,332.671475,100
edie,790,800,10,150,250,100,75.41453621,1224.855886,16.24164183,11,1,75.41453621,340.237746,100
edie,800,810,10,150,250,100,58.1433602,1159.347031,19.93945701,9,1,58.1433602,322.040842,100
edie,810,820,10,150,250,100,53.51601212,1221.455038,22.82410421,9,1,53.51601212,339.293066,100
edie,820,830,10,150,250,100,49.76129167,1370.491564,27.54131811,9,1,49.76129167,380.692101,100
edie,830,840,10,150,250,100,45.50333588,1478.312705,32.48800723,9,1,45.50333588,410.642418,100
